[
  {
    "frequency": 2,
    "overriddenMethods": [
      "Ljava/awt/Container.doLayout()V",
      "Ljava/awt/Container.getPreferredSize()Ljava/awt/Dimension;"
    ]
  },
  {
    "frequency": 11,
    "overriddenMethods": []
  },
  {
    "frequency": 5,
    "overriddenMethods": [
      "Ljava/awt/Component.handleEvent(Ljava/awt/Event;)Z",
      "Ljava/awt/Component.mouseDown(Ljava/awt/Event;II)Z",
      "Ljava/awt/Component.setBounds(IIII)V",
      "Ljava/awt/Component.setMinimumSize(Ljava/awt/Dimension;)V",
      "Ljava/awt/Container.getMinimumSize()Ljava/awt/Dimension;",
      "Ljava/awt/Container.getPreferredSize()Ljava/awt/Dimension;",
      "Ljava/awt/Container.minimumSize()Ljava/awt/Dimension;",
      "Ljava/awt/Container.paint(Ljava/awt/Graphics;)V",
      "Ljava/awt/Container.preferredSize()Ljava/awt/Dimension;",
      "Ljava/awt/Container.removeAll()V",
      "Ljava/awt/Container.update(Ljava/awt/Graphics;)V"
    ]
  },
  {
    "frequency": 1,
    "overriddenMethods": [
      "Ljava/awt/Container.update(Ljava/awt/Graphics;)V"
    ]
  },
  {
    "frequency": 1,
    "overriddenMethods": [
      "Ljava/awt/Component.setEnabled(Z)V",
      "Ljava/awt/Container.insets()Ljava/awt/Insets;",
      "Ljava/awt/Container.paint(Ljava/awt/Graphics;)V"
    ]
  },
  {
    "frequency": 1,
    "overriddenMethods": [
      "Ljava/awt/Container.paint(Ljava/awt/Graphics;)V",
      "Ljava/awt/Container.update(Ljava/awt/Graphics;)V"
    ]
  },
  {
    "frequency": 7,
    "overriddenMethods": [
      "Ljava/awt/Container.paint(Ljava/awt/Graphics;)V"
    ]
  },
  {
    "frequency": 5,
    "overriddenMethods": [
      "Ljava/awt/Component.handleEvent(Ljava/awt/Event;)Z",
      "Ljava/awt/Component.mouseDrag(Ljava/awt/Event;II)Z",
      "Ljava/awt/Component.mouseExit(Ljava/awt/Event;II)Z",
      "Ljava/awt/Component.mouseMove(Ljava/awt/Event;II)Z",
      "Ljava/awt/Component.setBounds(IIII)V",
      "Ljava/awt/Component.setMinimumSize(Ljava/awt/Dimension;)V",
      "Ljava/awt/Container.getMinimumSize()Ljava/awt/Dimension;",
      "Ljava/awt/Container.getPreferredSize()Ljava/awt/Dimension;",
      "Ljava/awt/Container.minimumSize()Ljava/awt/Dimension;",
      "Ljava/awt/Container.paint(Ljava/awt/Graphics;)V",
      "Ljava/awt/Container.preferredSize()Ljava/awt/Dimension;",
      "Ljava/awt/Container.update(Ljava/awt/Graphics;)V"
    ]
  }
]