[
  {
    "frequency": 16,
    "overriddenMethods": []
  },
  {
    "frequency": 6,
    "overriddenMethods": [
      "Ljava/beans/FeatureDescriptor.getDisplayName()Ljava/lang/String;"
    ]
  },
  {
    "frequency": 1,
    "overriddenMethods": [
      "Ljava/beans/PropertyDescriptor.getPropertyType()Ljava/lang/Class;"
    ]
  },
  {
    "frequency": 1,
    "overriddenMethods": [
      "Ljava/beans/FeatureDescriptor.toString()Ljava/lang/String;",
      "Ljava/beans/PropertyDescriptor.equals(Ljava/lang/Object;)Z",
      "Ljava/beans/PropertyDescriptor.getPropertyEditorClass()Ljava/lang/Class;",
      "Ljava/beans/PropertyDescriptor.getPropertyType()Ljava/lang/Class;",
      "Ljava/beans/PropertyDescriptor.getReadMethod()Ljava/lang/reflect/Method;",
      "Ljava/beans/PropertyDescriptor.getWriteMethod()Ljava/lang/reflect/Method;",
      "Ljava/beans/PropertyDescriptor.setPropertyEditorClass(Ljava/lang/Class;)V",
      "Ljava/beans/PropertyDescriptor.setReadMethod(Ljava/lang/reflect/Method;)V",
      "Ljava/beans/PropertyDescriptor.setWriteMethod(Ljava/lang/reflect/Method;)V"
    ]
  },
  {
    "frequency": 10,
    "overriddenMethods": [
      "Ljava/beans/PropertyDescriptor.getPropertyEditorClass()Ljava/lang/Class;",
      "Ljava/beans/PropertyDescriptor.getPropertyType()Ljava/lang/Class;",
      "Ljava/beans/PropertyDescriptor.getReadMethod()Ljava/lang/reflect/Method;",
      "Ljava/beans/PropertyDescriptor.getWriteMethod()Ljava/lang/reflect/Method;"
    ]
  },
  {
    "frequency": 1,
    "overriddenMethods": [
      "Ljava/beans/PropertyDescriptor.equals(Ljava/lang/Object;)Z",
      "Ljava/beans/PropertyDescriptor.hashCode()I"
    ]
  }
]