[
  {
    "frequency": 2,
    "overriddenMethods": []
  },
  {
    "frequency": 1,
    "overriddenMethods": [
      "Ljavax/swing/table/AbstractTableModel.isCellEditable(II)Z",
      "Ljavax/swing/table/AbstractTableModel.setValueAt(Ljava/lang/Object;II)V"
    ]
  },
  {
    "frequency": 1,
    "overriddenMethods": [
      "Ljavax/swing/table/AbstractTableModel.addTableModelListener(Ljavax/swing/event/TableModelListener;)V",
      "Ljavax/swing/table/AbstractTableModel.getColumnClass(I)Ljava/lang/Class;",
      "Ljavax/swing/table/AbstractTableModel.getColumnName(I)Ljava/lang/String;",
      "Ljavax/swing/table/AbstractTableModel.isCellEditable(II)Z",
      "Ljavax/swing/table/AbstractTableModel.removeTableModelListener(Ljavax/swing/event/TableModelListener;)V",
      "Ljavax/swing/table/AbstractTableModel.setValueAt(Ljava/lang/Object;II)V"
    ]
  },
  {
    "frequency": 4,
    "overriddenMethods": [
      "Ljavax/swing/table/AbstractTableModel.getColumnClass(I)Ljava/lang/Class;",
      "Ljavax/swing/table/AbstractTableModel.getColumnName(I)Ljava/lang/String;",
      "Ljavax/swing/table/AbstractTableModel.isCellEditable(II)Z"
    ]
  },
  {
    "frequency": 5,
    "overriddenMethods": [
      "Ljavax/swing/table/AbstractTableModel.getColumnName(I)Ljava/lang/String;",
      "Ljavax/swing/table/AbstractTableModel.isCellEditable(II)Z"
    ]
  },
  {
    "frequency": 18,
    "overriddenMethods": [
      "Ljavax/swing/table/AbstractTableModel.getColumnName(I)Ljava/lang/String;",
      "Ljavax/swing/table/AbstractTableModel.isCellEditable(II)Z",
      "Ljavax/swing/table/AbstractTableModel.setValueAt(Ljava/lang/Object;II)V"
    ]
  },
  {
    "frequency": 5,
    "overriddenMethods": [
      "Ljavax/swing/table/AbstractTableModel.fireTableChanged(Ljavax/swing/event/TableModelEvent;)V",
      "Ljavax/swing/table/AbstractTableModel.getColumnClass(I)Ljava/lang/Class;",
      "Ljavax/swing/table/AbstractTableModel.getColumnName(I)Ljava/lang/String;"
    ]
  },
  {
    "frequency": 38,
    "overriddenMethods": [
      "Ljavax/swing/table/AbstractTableModel.getColumnName(I)Ljava/lang/String;"
    ]
  },
  {
    "frequency": 1,
    "overriddenMethods": [
      "Ljava/lang/Object.clone()Ljava/lang/Object;",
      "Ljava/lang/Object.equals(Ljava/lang/Object;)Z",
      "Ljava/lang/Object.hashCode()I",
      "Ljava/lang/Object.toString()Ljava/lang/String;",
      "Ljavax/swing/table/AbstractTableModel.addTableModelListener(Ljavax/swing/event/TableModelListener;)V",
      "Ljavax/swing/table/AbstractTableModel.findColumn(Ljava/lang/String;)I",
      "Ljavax/swing/table/AbstractTableModel.fireTableCellUpdated(II)V",
      "Ljavax/swing/table/AbstractTableModel.fireTableChanged(Ljavax/swing/event/TableModelEvent;)V",
      "Ljavax/swing/table/AbstractTableModel.fireTableDataChanged()V",
      "Ljavax/swing/table/AbstractTableModel.fireTableRowsDeleted(II)V",
      "Ljavax/swing/table/AbstractTableModel.fireTableRowsInserted(II)V",
      "Ljavax/swing/table/AbstractTableModel.fireTableRowsUpdated(II)V",
      "Ljavax/swing/table/AbstractTableModel.fireTableStructureChanged()V",
      "Ljavax/swing/table/AbstractTableModel.getColumnClass(I)Ljava/lang/Class;",
      "Ljavax/swing/table/AbstractTableModel.getColumnName(I)Ljava/lang/String;",
      "Ljavax/swing/table/AbstractTableModel.getListeners(Ljava/lang/Class;)[Ljava/util/EventListener;",
      "Ljavax/swing/table/AbstractTableModel.getTableModelListeners()[Ljavax/swing/event/TableModelListener;",
      "Ljavax/swing/table/AbstractTableModel.isCellEditable(II)Z",
      "Ljavax/swing/table/AbstractTableModel.removeTableModelListener(Ljavax/swing/event/TableModelListener;)V",
      "Ljavax/swing/table/AbstractTableModel.setValueAt(Ljava/lang/Object;II)V"
    ]
  },
  {
    "frequency": 20,
    "overriddenMethods": [
      "Ljavax/swing/table/AbstractTableModel.getColumnClass(I)Ljava/lang/Class;",
      "Ljavax/swing/table/AbstractTableModel.getColumnName(I)Ljava/lang/String;"
    ]
  },
  {
    "frequency": 41,
    "overriddenMethods": [
      "Ljavax/swing/table/AbstractTableModel.getColumnClass(I)Ljava/lang/Class;",
      "Ljavax/swing/table/AbstractTableModel.getColumnName(I)Ljava/lang/String;",
      "Ljavax/swing/table/AbstractTableModel.isCellEditable(II)Z",
      "Ljavax/swing/table/AbstractTableModel.setValueAt(Ljava/lang/Object;II)V"
    ]
  }
]