[
  {
    "frequency": 1,
    "overriddenMethods": [
      "Ljavax/swing/table/DefaultTableCellRenderer.setValue(Ljava/lang/Object;)V"
    ]
  },
  {
    "frequency": 1,
    "overriddenMethods": [
      "Ljavax/swing/JComponent.paintComponent(Ljava/awt/Graphics;)V",
      "Ljavax/swing/table/DefaultTableCellRenderer.getTableCellRendererComponent(Ljavax/swing/JTable;Ljava/lang/Object;ZZII)Ljava/awt/Component;"
    ]
  },
  {
    "frequency": 34,
    "overriddenMethods": [
      "Ljavax/swing/table/DefaultTableCellRenderer.getTableCellRendererComponent(Ljavax/swing/JTable;Ljava/lang/Object;ZZII)Ljava/awt/Component;"
    ]
  }
]