[
  {
    "frequency": 1,
    "overriddenMethods": []
  },
  {
    "frequency": 2,
    "overriddenMethods": [
      "Ljava/lang/Throwable.fillInStackTrace()Ljava/lang/Throwable;",
      "Ljavax/naming/NamingException.appendRemainingComponent(Ljava/lang/String;)V",
      "Ljavax/naming/NamingException.appendRemainingName(Ljavax/naming/Name;)V",
      "Ljavax/naming/NamingException.setRemainingName(Ljavax/naming/Name;)V",
      "Ljavax/naming/NamingException.setResolvedName(Ljavax/naming/Name;)V",
      "Ljavax/naming/NamingException.setRootCause(Ljava/lang/Throwable;)V"
    ]
  },
  {
    "frequency": 2,
    "overriddenMethods": [
      "Ljavax/naming/NamingException.appendRemainingComponent(Ljava/lang/String;)V",
      "Ljavax/naming/NamingException.appendRemainingName(Ljavax/naming/Name;)V",
      "Ljavax/naming/NamingException.setRemainingName(Ljavax/naming/Name;)V",
      "Ljavax/naming/NamingException.setRootCause(Ljava/lang/Throwable;)V"
    ]
  }
]