[
  {
    "frequency": 3,
    "overriddenMethods": [
      "Ljavax/tools/SimpleJavaFileObject.getCharContent(Z)Ljava/lang/CharSequence;",
      "Ljavax/tools/SimpleJavaFileObject.openOutputStream()Ljava/io/OutputStream;",
      "Ljavax/tools/SimpleJavaFileObject.openWriter()Ljava/io/Writer;"
    ]
  },
  {
    "frequency": 1,
    "overriddenMethods": [
      "Ljavax/tools/SimpleJavaFileObject.openInputStream()Ljava/io/InputStream;",
      "Ljavax/tools/SimpleJavaFileObject.openOutputStream()Ljava/io/OutputStream;"
    ]
  },
  {
    "frequency": 6,
    "overriddenMethods": [
      "Ljava/lang/Object.equals(Ljava/lang/Object;)Z",
      "Ljava/lang/Object.hashCode()I",
      "Ljavax/tools/SimpleJavaFileObject.delete()Z",
      "Ljavax/tools/SimpleJavaFileObject.getAccessLevel()Ljavax/lang/model/element/Modifier;",
      "Ljavax/tools/SimpleJavaFileObject.getCharContent(Z)Ljava/lang/CharSequence;",
      "Ljavax/tools/SimpleJavaFileObject.getLastModified()J",
      "Ljavax/tools/SimpleJavaFileObject.getName()Ljava/lang/String;",
      "Ljavax/tools/SimpleJavaFileObject.getNestingKind()Ljavax/lang/model/element/NestingKind;",
      "Ljavax/tools/SimpleJavaFileObject.openInputStream()Ljava/io/InputStream;",
      "Ljavax/tools/SimpleJavaFileObject.openOutputStream()Ljava/io/OutputStream;",
      "Ljavax/tools/SimpleJavaFileObject.openReader(Z)Ljava/io/Reader;",
      "Ljavax/tools/SimpleJavaFileObject.openWriter()Ljava/io/Writer;",
      "Ljavax/tools/SimpleJavaFileObject.toString()Ljava/lang/String;"
    ]
  },
  {
    "frequency": 6,
    "overriddenMethods": [
      "Ljavax/tools/SimpleJavaFileObject.getCharContent(Z)Ljava/lang/CharSequence;"
    ]
  }
]