[
  {
    "frequency": 2,
    "overriddenMethods": []
  },
  {
    "frequency": 1,
    "overriddenMethods": [
      "Ljavax/swing/AbstractButton.paintBorder(Ljava/awt/Graphics;)V",
      "Ljavax/swing/JComponent.paint(Ljava/awt/Graphics;)V",
      "Ljavax/swing/JComponent.paintChildren(Ljava/awt/Graphics;)V",
      "Ljavax/swing/JComponent.paintComponent(Ljava/awt/Graphics;)V"
    ]
  },
  {
    "frequency": 1,
    "overriddenMethods": [
      "Ljavax/swing/AbstractButton.setText(Ljava/lang/String;)V",
      "Ljavax/swing/JComponent.getToolTipLocation(Ljava/awt/event/MouseEvent;)Ljava/awt/Point;"
    ]
  },
  {
    "frequency": 1,
    "overriddenMethods": [
      "Ljavax/swing/JComponent.getMaximumSize()Ljava/awt/Dimension;",
      "Ljavax/swing/JComponent.getMinimumSize()Ljava/awt/Dimension;",
      "Ljavax/swing/JComponent.getPreferredSize()Ljava/awt/Dimension;"
    ]
  },
  {
    "frequency": 2,
    "overriddenMethods": [
      "Ljava/awt/Component.toString()Ljava/lang/String;",
      "Ljavax/swing/JComponent.getAlignmentX()F"
    ]
  }
]