[
  {
    "frequency": 1,
    "overriddenMethods": [
      "Ljava/awt/Dialog.addNotify()V",
      "Ljava/awt/Window.removeNotify()V"
    ]
  },
  {
    "frequency": 183,
    "overriddenMethods": []
  },
  {
    "frequency": 1,
    "overriddenMethods": [
      "Ljavax/swing/JDialog.createRootPane()Ljavax/swing/JRootPane;",
      "Ljavax/swing/JDialog.dialogInit()V"
    ]
  },
  {
    "frequency": 1,
    "overriddenMethods": [
      "Ljava/awt/Component.getName()Ljava/lang/String;"
    ]
  },
  {
    "frequency": 1,
    "overriddenMethods": [
      "Ljava/awt/Window.dispose()V"
    ]
  },
  {
    "frequency": 1,
    "overriddenMethods": [
      "Ljava/awt/Dialog.setVisible(Z)V",
      "Ljava/awt/Dialog.show()V",
      "Ljavax/swing/JDialog.dialogInit()V"
    ]
  },
  {
    "frequency": 1,
    "overriddenMethods": [
      "Ljavax/swing/JDialog.createRootPane()Ljavax/swing/JRootPane;"
    ]
  },
  {
    "frequency": 3,
    "overriddenMethods": [
      "Ljava/awt/Dialog.show()V"
    ]
  },
  {
    "frequency": 1,
    "overriddenMethods": [
      "Ljava/awt/Component.getName()Ljava/lang/String;",
      "Ljava/awt/Component.setLocale(Ljava/util/Locale;)V",
      "Ljava/awt/Component.setName(Ljava/lang/String;)V",
      "Ljavax/swing/JDialog.dialogInit()V"
    ]
  },
  {
    "frequency": 4,
    "overriddenMethods": [
      "Ljava/awt/Container.getPreferredSize()Ljava/awt/Dimension;"
    ]
  },
  {
    "frequency": 6,
    "overriddenMethods": [
      "Ljava/awt/Dialog.setVisible(Z)V"
    ]
  },
  {
    "frequency": 1,
    "overriddenMethods": [
      "Ljava/awt/Component.getHeight()I",
      "Ljava/awt/Component.getLocation()Ljava/awt/Point;",
      "Ljava/awt/Component.getWidth()I",
      "Ljava/awt/Component.getX()I",
      "Ljava/awt/Component.getY()I",
      "Ljava/awt/Dialog.show()V",
      "Ljava/awt/Window.setLocation(II)V",
      "Ljava/awt/Window.toFront()V"
    ]
  },
  {
    "frequency": 2,
    "overriddenMethods": [
      "Ljavax/swing/JDialog.processWindowEvent(Ljava/awt/event/WindowEvent;)V"
    ]
  }
]