[
  {
    "frequency": 172,
    "overriddenMethods": []
  },
  {
    "frequency": 1,
    "overriddenMethods": [
      "Ljava/awt/Component.toString()Ljava/lang/String;"
    ]
  },
  {
    "frequency": 1,
    "overriddenMethods": [
      "Ljavax/swing/JFrame.createRootPane()Ljavax/swing/JRootPane;"
    ]
  },
  {
    "frequency": 4,
    "overriddenMethods": [
      "Ljava/awt/Window.dispose()V"
    ]
  },
  {
    "frequency": 17,
    "overriddenMethods": [
      "Ljavax/swing/JFrame.processWindowEvent(Ljava/awt/event/WindowEvent;)V"
    ]
  },
  {
    "frequency": 1,
    "overriddenMethods": [
      "Ljava/awt/Window.paint(Ljava/awt/Graphics;)V",
      "Ljavax/swing/JFrame.update(Ljava/awt/Graphics;)V"
    ]
  },
  {
    "frequency": 7,
    "overriddenMethods": [
      "Ljava/awt/Container.getPreferredSize()Ljava/awt/Dimension;"
    ]
  },
  {
    "frequency": 10,
    "overriddenMethods": [
      "Ljava/awt/Window.setVisible(Z)V"
    ]
  },
  {
    "frequency": 1,
    "overriddenMethods": [
      "Ljava/awt/Frame.setExtendedState(I)V",
      "Ljava/awt/Window.dispose()V",
      "Ljava/awt/Window.toFront()V",
      "Ljavax/swing/JFrame.createRootPane()Ljavax/swing/JRootPane;"
    ]
  }
]