[
  {
    "frequency": 14,
    "overriddenMethods": []
  },
  {
    "frequency": 1,
    "overriddenMethods": [
      "Ljavax/swing/JComponent.getMaximumSize()Ljava/awt/Dimension;",
      "Ljavax/swing/JComponent.getMinimumSize()Ljava/awt/Dimension;",
      "Ljavax/swing/JComponent.getPreferredSize()Ljava/awt/Dimension;",
      "Ljavax/swing/JComponent.setVisible(Z)V",
      "Ljavax/swing/JInternalFrame.getDesktopPane()Ljavax/swing/JDesktopPane;",
      "Ljavax/swing/JInternalFrame.restoreSubcomponentFocus()V",
      "Ljavax/swing/JInternalFrame.setCursor(Ljava/awt/Cursor;)V",
      "Ljavax/swing/JInternalFrame.setSelected(Z)V"
    ]
  },
  {
    "frequency": 9,
    "overriddenMethods": [
      "Ljavax/swing/JComponent.setEnabled(Z)V"
    ]
  },
  {
    "frequency": 9,
    "overriddenMethods": [
      "Ljavax/swing/JInternalFrame.dispose()V"
    ]
  }
]