[
  {
    "frequency": 6,
    "overriddenMethods": []
  },
  {
    "frequency": 1,
    "overriddenMethods": [
      "Ljavax/swing/JComponent.paint(Ljava/awt/Graphics;)V",
      "Ljavax/swing/JSplitPane.setDividerLocation(D)V",
      "Ljavax/swing/JSplitPane.setDividerLocation(I)V"
    ]
  },
  {
    "frequency": 1,
    "overriddenMethods": [
      "Ljavax/swing/JComponent.paint(Ljava/awt/Graphics;)V",
      "Ljavax/swing/JComponent.paintBorder(Ljava/awt/Graphics;)V",
      "Ljavax/swing/JComponent.paintComponent(Ljava/awt/Graphics;)V",
      "Ljavax/swing/JSplitPane.paintChildren(Ljava/awt/Graphics;)V"
    ]
  }
]