[
  {
    "frequency": 1,
    "overriddenMethods": []
  },
  {
    "frequency": 6,
    "overriddenMethods": [
      "Ljava/awt/Component.setSize(Ljava/awt/Dimension;)V",
      "Ljavax/swing/JEditorPane.getScrollableTracksViewportWidth()Z"
    ]
  },
  {
    "frequency": 1,
    "overriddenMethods": [
      "Ljava/awt/Component.getForeground()Ljava/awt/Color;",
      "Ljava/awt/Component.isEnabled()Z",
      "Ljava/awt/Component.setCursor(Ljava/awt/Cursor;)V",
      "Ljavax/swing/JComponent.getToolTipLocation(Ljava/awt/event/MouseEvent;)Ljava/awt/Point;",
      "Ljavax/swing/JComponent.setEnabled(Z)V"
    ]
  },
  {
    "frequency": 5,
    "overriddenMethods": [
      "Ljava/awt/Component.setBounds(IIII)V",
      "Ljavax/swing/JComponent.addNotify()V",
      "Ljavax/swing/JComponent.processKeyEvent(Ljava/awt/event/KeyEvent;)V",
      "Ljavax/swing/JEditorPane.getScrollableTracksViewportWidth()Z",
      "Ljavax/swing/JTextPane.replaceSelection(Ljava/lang/String;)V",
      "Ljavax/swing/text/JTextComponent.removeNotify()V"
    ]
  },
  {
    "frequency": 5,
    "overriddenMethods": [
      "Ljavax/swing/text/JTextComponent.cut()V",
      "Ljavax/swing/text/JTextComponent.paste()V"
    ]
  }
]