[
  {
    "frequency": 1,
    "overriddenMethods": []
  },
  {
    "frequency": 1,
    "overriddenMethods": [
      "Ljavax/swing/TransferHandler.canImport(Ljavax/swing/JComponent;[Ljava/awt/datatransfer/DataFlavor;)Z",
      "Ljavax/swing/TransferHandler.canImport(Ljavax/swing/TransferHandler$TransferSupport;)Z",
      "Ljavax/swing/TransferHandler.createTransferable(Ljavax/swing/JComponent;)Ljava/awt/datatransfer/Transferable;",
      "Ljavax/swing/TransferHandler.exportDone(Ljavax/swing/JComponent;Ljava/awt/datatransfer/Transferable;I)V",
      "Ljavax/swing/TransferHandler.getSourceActions(Ljavax/swing/JComponent;)I",
      "Ljavax/swing/TransferHandler.getVisualRepresentation(Ljava/awt/datatransfer/Transferable;)Ljavax/swing/Icon;"
    ]
  },
  {
    "frequency": 1,
    "overriddenMethods": [
      "Ljavax/swing/TransferHandler.canImport(Ljavax/swing/JComponent;[Ljava/awt/datatransfer/DataFlavor;)Z"
    ]
  }
]