[
  {
    "frequency": 19,
    "overriddenMethods": [
      "Ljavax/xml/datatype/XMLGregorianCalendar.add(Ljavax/xml/datatype/Duration;)V",
      "Ljavax/xml/datatype/XMLGregorianCalendar.clear()V",
      "Ljavax/xml/datatype/XMLGregorianCalendar.clone()Ljava/lang/Object;",
      "Ljavax/xml/datatype/XMLGregorianCalendar.compare(Ljavax/xml/datatype/XMLGregorianCalendar;)I",
      "Ljavax/xml/datatype/XMLGregorianCalendar.equals(Ljava/lang/Object;)Z",
      "Ljavax/xml/datatype/XMLGregorianCalendar.getDay()I",
      "Ljavax/xml/datatype/XMLGregorianCalendar.getEon()Ljava/math/BigInteger;",
      "Ljavax/xml/datatype/XMLGregorianCalendar.getEonAndYear()Ljava/math/BigInteger;",
      "Ljavax/xml/datatype/XMLGregorianCalendar.getFractionalSecond()Ljava/math/BigDecimal;",
      "Ljavax/xml/datatype/XMLGregorianCalendar.getHour()I",
      "Ljavax/xml/datatype/XMLGregorianCalendar.getMillisecond()I",
      "Ljavax/xml/datatype/XMLGregorianCalendar.getMinute()I",
      "Ljavax/xml/datatype/XMLGregorianCalendar.getMonth()I",
      "Ljavax/xml/datatype/XMLGregorianCalendar.getSecond()I",
      "Ljavax/xml/datatype/XMLGregorianCalendar.getTimeZone(I)Ljava/util/TimeZone;",
      "Ljavax/xml/datatype/XMLGregorianCalendar.getTimezone()I",
      "Ljavax/xml/datatype/XMLGregorianCalendar.getXMLSchemaType()Ljavax/xml/namespace/QName;",
      "Ljavax/xml/datatype/XMLGregorianCalendar.getYear()I",
      "Ljavax/xml/datatype/XMLGregorianCalendar.hashCode()I",
      "Ljavax/xml/datatype/XMLGregorianCalendar.isValid()Z",
      "Ljavax/xml/datatype/XMLGregorianCalendar.normalize()Ljavax/xml/datatype/XMLGregorianCalendar;",
      "Ljavax/xml/datatype/XMLGregorianCalendar.reset()V",
      "Ljavax/xml/datatype/XMLGregorianCalendar.setDay(I)V",
      "Ljavax/xml/datatype/XMLGregorianCalendar.setFractionalSecond(Ljava/math/BigDecimal;)V",
      "Ljavax/xml/datatype/XMLGregorianCalendar.setHour(I)V",
      "Ljavax/xml/datatype/XMLGregorianCalendar.setMillisecond(I)V",
      "Ljavax/xml/datatype/XMLGregorianCalendar.setMinute(I)V",
      "Ljavax/xml/datatype/XMLGregorianCalendar.setMonth(I)V",
      "Ljavax/xml/datatype/XMLGregorianCalendar.setSecond(I)V",
      "Ljavax/xml/datatype/XMLGregorianCalendar.setTime(III)V",
      "Ljavax/xml/datatype/XMLGregorianCalendar.setTime(IIII)V",
      "Ljavax/xml/datatype/XMLGregorianCalendar.setTime(IIILjava/math/BigDecimal;)V",
      "Ljavax/xml/datatype/XMLGregorianCalendar.setTimezone(I)V",
      "Ljavax/xml/datatype/XMLGregorianCalendar.setYear(I)V",
      "Ljavax/xml/datatype/XMLGregorianCalendar.setYear(Ljava/math/BigInteger;)V",
      "Ljavax/xml/datatype/XMLGregorianCalendar.toGregorianCalendar()Ljava/util/GregorianCalendar;",
      "Ljavax/xml/datatype/XMLGregorianCalendar.toGregorianCalendar(Ljava/util/TimeZone;Ljava/util/Locale;Ljavax/xml/datatype/XMLGregorianCalendar;)Ljava/util/GregorianCalendar;",
      "Ljavax/xml/datatype/XMLGregorianCalendar.toXMLFormat()Ljava/lang/String;"
    ]
  },
  {
    "frequency": 1,
    "overriddenMethods": [
      "Ljavax/xml/datatype/XMLGregorianCalendar.add(Ljavax/xml/datatype/Duration;)V",
      "Ljavax/xml/datatype/XMLGregorianCalendar.clear()V",
      "Ljavax/xml/datatype/XMLGregorianCalendar.clone()Ljava/lang/Object;",
      "Ljavax/xml/datatype/XMLGregorianCalendar.compare(Ljavax/xml/datatype/XMLGregorianCalendar;)I",
      "Ljavax/xml/datatype/XMLGregorianCalendar.equals(Ljava/lang/Object;)Z",
      "Ljavax/xml/datatype/XMLGregorianCalendar.getDay()I",
      "Ljavax/xml/datatype/XMLGregorianCalendar.getEon()Ljava/math/BigInteger;",
      "Ljavax/xml/datatype/XMLGregorianCalendar.getEonAndYear()Ljava/math/BigInteger;",
      "Ljavax/xml/datatype/XMLGregorianCalendar.getFractionalSecond()Ljava/math/BigDecimal;",
      "Ljavax/xml/datatype/XMLGregorianCalendar.getHour()I",
      "Ljavax/xml/datatype/XMLGregorianCalendar.getMinute()I",
      "Ljavax/xml/datatype/XMLGregorianCalendar.getMonth()I",
      "Ljavax/xml/datatype/XMLGregorianCalendar.getSecond()I",
      "Ljavax/xml/datatype/XMLGregorianCalendar.getTimeZone(I)Ljava/util/TimeZone;",
      "Ljavax/xml/datatype/XMLGregorianCalendar.getTimezone()I",
      "Ljavax/xml/datatype/XMLGregorianCalendar.getXMLSchemaType()Ljavax/xml/namespace/QName;",
      "Ljavax/xml/datatype/XMLGregorianCalendar.getYear()I",
      "Ljavax/xml/datatype/XMLGregorianCalendar.hashCode()I",
      "Ljavax/xml/datatype/XMLGregorianCalendar.isValid()Z",
      "Ljavax/xml/datatype/XMLGregorianCalendar.normalize()Ljavax/xml/datatype/XMLGregorianCalendar;",
      "Ljavax/xml/datatype/XMLGregorianCalendar.reset()V",
      "Ljavax/xml/datatype/XMLGregorianCalendar.setDay(I)V",
      "Ljavax/xml/datatype/XMLGregorianCalendar.setFractionalSecond(Ljava/math/BigDecimal;)V",
      "Ljavax/xml/datatype/XMLGregorianCalendar.setHour(I)V",
      "Ljavax/xml/datatype/XMLGregorianCalendar.setMillisecond(I)V",
      "Ljavax/xml/datatype/XMLGregorianCalendar.setMinute(I)V",
      "Ljavax/xml/datatype/XMLGregorianCalendar.setMonth(I)V",
      "Ljavax/xml/datatype/XMLGregorianCalendar.setSecond(I)V",
      "Ljavax/xml/datatype/XMLGregorianCalendar.setTimezone(I)V",
      "Ljavax/xml/datatype/XMLGregorianCalendar.setYear(I)V",
      "Ljavax/xml/datatype/XMLGregorianCalendar.setYear(Ljava/math/BigInteger;)V",
      "Ljavax/xml/datatype/XMLGregorianCalendar.toGregorianCalendar()Ljava/util/GregorianCalendar;",
      "Ljavax/xml/datatype/XMLGregorianCalendar.toGregorianCalendar(Ljava/util/TimeZone;Ljava/util/Locale;Ljavax/xml/datatype/XMLGregorianCalendar;)Ljava/util/GregorianCalendar;",
      "Ljavax/xml/datatype/XMLGregorianCalendar.toString()Ljava/lang/String;",
      "Ljavax/xml/datatype/XMLGregorianCalendar.toXMLFormat()Ljava/lang/String;"
    ]
  },
  {
    "frequency": 2,
    "overriddenMethods": [
      "Ljavax/xml/datatype/XMLGregorianCalendar.add(Ljavax/xml/datatype/Duration;)V",
      "Ljavax/xml/datatype/XMLGregorianCalendar.clear()V",
      "Ljavax/xml/datatype/XMLGregorianCalendar.clone()Ljava/lang/Object;",
      "Ljavax/xml/datatype/XMLGregorianCalendar.compare(Ljavax/xml/datatype/XMLGregorianCalendar;)I",
      "Ljavax/xml/datatype/XMLGregorianCalendar.getDay()I",
      "Ljavax/xml/datatype/XMLGregorianCalendar.getEon()Ljava/math/BigInteger;",
      "Ljavax/xml/datatype/XMLGregorianCalendar.getEonAndYear()Ljava/math/BigInteger;",
      "Ljavax/xml/datatype/XMLGregorianCalendar.getFractionalSecond()Ljava/math/BigDecimal;",
      "Ljavax/xml/datatype/XMLGregorianCalendar.getHour()I",
      "Ljavax/xml/datatype/XMLGregorianCalendar.getMinute()I",
      "Ljavax/xml/datatype/XMLGregorianCalendar.getMonth()I",
      "Ljavax/xml/datatype/XMLGregorianCalendar.getSecond()I",
      "Ljavax/xml/datatype/XMLGregorianCalendar.getTimeZone(I)Ljava/util/TimeZone;",
      "Ljavax/xml/datatype/XMLGregorianCalendar.getTimezone()I",
      "Ljavax/xml/datatype/XMLGregorianCalendar.getXMLSchemaType()Ljavax/xml/namespace/QName;",
      "Ljavax/xml/datatype/XMLGregorianCalendar.getYear()I",
      "Ljavax/xml/datatype/XMLGregorianCalendar.isValid()Z",
      "Ljavax/xml/datatype/XMLGregorianCalendar.normalize()Ljavax/xml/datatype/XMLGregorianCalendar;",
      "Ljavax/xml/datatype/XMLGregorianCalendar.reset()V",
      "Ljavax/xml/datatype/XMLGregorianCalendar.setDay(I)V",
      "Ljavax/xml/datatype/XMLGregorianCalendar.setFractionalSecond(Ljava/math/BigDecimal;)V",
      "Ljavax/xml/datatype/XMLGregorianCalendar.setHour(I)V",
      "Ljavax/xml/datatype/XMLGregorianCalendar.setMillisecond(I)V",
      "Ljavax/xml/datatype/XMLGregorianCalendar.setMinute(I)V",
      "Ljavax/xml/datatype/XMLGregorianCalendar.setMonth(I)V",
      "Ljavax/xml/datatype/XMLGregorianCalendar.setSecond(I)V",
      "Ljavax/xml/datatype/XMLGregorianCalendar.setTimezone(I)V",
      "Ljavax/xml/datatype/XMLGregorianCalendar.setYear(I)V",
      "Ljavax/xml/datatype/XMLGregorianCalendar.setYear(Ljava/math/BigInteger;)V",
      "Ljavax/xml/datatype/XMLGregorianCalendar.toGregorianCalendar()Ljava/util/GregorianCalendar;",
      "Ljavax/xml/datatype/XMLGregorianCalendar.toGregorianCalendar(Ljava/util/TimeZone;Ljava/util/Locale;Ljavax/xml/datatype/XMLGregorianCalendar;)Ljava/util/GregorianCalendar;",
      "Ljavax/xml/datatype/XMLGregorianCalendar.toXMLFormat()Ljava/lang/String;"
    ]
  }
]