[
  {
    "frequency": 2,
    "overriddenMethods": [
      "Lorg/xml/sax/HandlerBase.characters([CII)V",
      "Lorg/xml/sax/HandlerBase.endElement(Ljava/lang/String;)V",
      "Lorg/xml/sax/HandlerBase.resolveEntity(Ljava/lang/String;Ljava/lang/String;)Lorg/xml/sax/InputSource;",
      "Lorg/xml/sax/HandlerBase.startDocument()V",
      "Lorg/xml/sax/HandlerBase.startElement(Ljava/lang/String;Lorg/xml/sax/AttributeList;)V"
    ]
  },
  {
    "frequency": 1,
    "overriddenMethods": [
      "Lorg/xml/sax/HandlerBase.characters([CII)V",
      "Lorg/xml/sax/HandlerBase.endDocument()V",
      "Lorg/xml/sax/HandlerBase.endElement(Ljava/lang/String;)V",
      "Lorg/xml/sax/HandlerBase.error(Lorg/xml/sax/SAXParseException;)V",
      "Lorg/xml/sax/HandlerBase.fatalError(Lorg/xml/sax/SAXParseException;)V",
      "Lorg/xml/sax/HandlerBase.ignorableWhitespace([CII)V",
      "Lorg/xml/sax/HandlerBase.notationDecl(Ljava/lang/String;Ljava/lang/String;Ljava/lang/String;)V",
      "Lorg/xml/sax/HandlerBase.processingInstruction(Ljava/lang/String;Ljava/lang/String;)V",
      "Lorg/xml/sax/HandlerBase.resolveEntity(Ljava/lang/String;Ljava/lang/String;)Lorg/xml/sax/InputSource;",
      "Lorg/xml/sax/HandlerBase.setDocumentLocator(Lorg/xml/sax/Locator;)V",
      "Lorg/xml/sax/HandlerBase.startDocument()V",
      "Lorg/xml/sax/HandlerBase.startElement(Ljava/lang/String;Lorg/xml/sax/AttributeList;)V",
      "Lorg/xml/sax/HandlerBase.unparsedEntityDecl(Ljava/lang/String;Ljava/lang/String;Ljava/lang/String;Ljava/lang/String;)V",
      "Lorg/xml/sax/HandlerBase.warning(Lorg/xml/sax/SAXParseException;)V"
    ]
  },
  {
    "frequency": 8,
    "overriddenMethods": [
      "Lorg/xml/sax/HandlerBase.resolveEntity(Ljava/lang/String;Ljava/lang/String;)Lorg/xml/sax/InputSource;",
      "Lorg/xml/sax/HandlerBase.setDocumentLocator(Lorg/xml/sax/Locator;)V",
      "Lorg/xml/sax/HandlerBase.startElement(Ljava/lang/String;Lorg/xml/sax/AttributeList;)V"
    ]
  },
  {
    "frequency": 1,
    "overriddenMethods": [
      "Lorg/xml/sax/HandlerBase.endElement(Ljava/lang/String;)V",
      "Lorg/xml/sax/HandlerBase.startElement(Ljava/lang/String;Lorg/xml/sax/AttributeList;)V"
    ]
  },
  {
    "frequency": 1,
    "overriddenMethods": [
      "Lorg/xml/sax/HandlerBase.endDocument()V",
      "Lorg/xml/sax/HandlerBase.endElement(Ljava/lang/String;)V",
      "Lorg/xml/sax/HandlerBase.error(Lorg/xml/sax/SAXParseException;)V",
      "Lorg/xml/sax/HandlerBase.fatalError(Lorg/xml/sax/SAXParseException;)V",
      "Lorg/xml/sax/HandlerBase.startElement(Ljava/lang/String;Lorg/xml/sax/AttributeList;)V",
      "Lorg/xml/sax/HandlerBase.warning(Lorg/xml/sax/SAXParseException;)V"
    ]
  },
  {
    "frequency": 12,
    "overriddenMethods": [
      "Lorg/xml/sax/HandlerBase.characters([CII)V",
      "Lorg/xml/sax/HandlerBase.endElement(Ljava/lang/String;)V",
      "Lorg/xml/sax/HandlerBase.startElement(Ljava/lang/String;Lorg/xml/sax/AttributeList;)V"
    ]
  },
  {
    "frequency": 2,
    "overriddenMethods": [
      "Lorg/xml/sax/HandlerBase.characters([CII)V",
      "Lorg/xml/sax/HandlerBase.endElement(Ljava/lang/String;)V",
      "Lorg/xml/sax/HandlerBase.resolveEntity(Ljava/lang/String;Ljava/lang/String;)Lorg/xml/sax/InputSource;",
      "Lorg/xml/sax/HandlerBase.startElement(Ljava/lang/String;Lorg/xml/sax/AttributeList;)V"
    ]
  }
]