[
  {
    "frequency": 19,
    "overriddenMethods": [
      "Ljavax/xml/parsers/DocumentBuilderFactory.getAttribute(Ljava/lang/String;)Ljava/lang/Object;",
      "Ljavax/xml/parsers/DocumentBuilderFactory.getFeature(Ljava/lang/String;)Z",
      "Ljavax/xml/parsers/DocumentBuilderFactory.getSchema()Ljavax/xml/validation/Schema;",
      "Ljavax/xml/parsers/DocumentBuilderFactory.isXIncludeAware()Z",
      "Ljavax/xml/parsers/DocumentBuilderFactory.newDocumentBuilder()Ljavax/xml/parsers/DocumentBuilder;",
      "Ljavax/xml/parsers/DocumentBuilderFactory.setAttribute(Ljava/lang/String;Ljava/lang/Object;)V",
      "Ljavax/xml/parsers/DocumentBuilderFactory.setFeature(Ljava/lang/String;Z)V",
      "Ljavax/xml/parsers/DocumentBuilderFactory.setSchema(Ljavax/xml/validation/Schema;)V",
      "Ljavax/xml/parsers/DocumentBuilderFactory.setXIncludeAware(Z)V"
    ]
  },
  {
    "frequency": 2,
    "overriddenMethods": [
      "Ljavax/xml/parsers/DocumentBuilderFactory.getAttribute(Ljava/lang/String;)Ljava/lang/Object;",
      "Ljavax/xml/parsers/DocumentBuilderFactory.newDocumentBuilder()Ljavax/xml/parsers/DocumentBuilder;",
      "Ljavax/xml/parsers/DocumentBuilderFactory.setAttribute(Ljava/lang/String;Ljava/lang/Object;)V"
    ]
  },
  {
    "frequency": 4,
    "overriddenMethods": [
      "Ljavax/xml/parsers/DocumentBuilderFactory.getAttribute(Ljava/lang/String;)Ljava/lang/Object;",
      "Ljavax/xml/parsers/DocumentBuilderFactory.getFeature(Ljava/lang/String;)Z",
      "Ljavax/xml/parsers/DocumentBuilderFactory.newDocumentBuilder()Ljavax/xml/parsers/DocumentBuilder;",
      "Ljavax/xml/parsers/DocumentBuilderFactory.setAttribute(Ljava/lang/String;Ljava/lang/Object;)V",
      "Ljavax/xml/parsers/DocumentBuilderFactory.setFeature(Ljava/lang/String;Z)V"
    ]
  },
  {
    "frequency": 1,
    "overriddenMethods": [
      "Ljavax/xml/parsers/DocumentBuilderFactory.getAttribute(Ljava/lang/String;)Ljava/lang/Object;",
      "Ljavax/xml/parsers/DocumentBuilderFactory.getFeature(Ljava/lang/String;)Z",
      "Ljavax/xml/parsers/DocumentBuilderFactory.getSchema()Ljavax/xml/validation/Schema;",
      "Ljavax/xml/parsers/DocumentBuilderFactory.isCoalescing()Z",
      "Ljavax/xml/parsers/DocumentBuilderFactory.isExpandEntityReferences()Z",
      "Ljavax/xml/parsers/DocumentBuilderFactory.isIgnoringComments()Z",
      "Ljavax/xml/parsers/DocumentBuilderFactory.isIgnoringElementContentWhitespace()Z",
      "Ljavax/xml/parsers/DocumentBuilderFactory.isNamespaceAware()Z",
      "Ljavax/xml/parsers/DocumentBuilderFactory.isValidating()Z",
      "Ljavax/xml/parsers/DocumentBuilderFactory.isXIncludeAware()Z",
      "Ljavax/xml/parsers/DocumentBuilderFactory.newDocumentBuilder()Ljavax/xml/parsers/DocumentBuilder;",
      "Ljavax/xml/parsers/DocumentBuilderFactory.setAttribute(Ljava/lang/String;Ljava/lang/Object;)V",
      "Ljavax/xml/parsers/DocumentBuilderFactory.setCoalescing(Z)V",
      "Ljavax/xml/parsers/DocumentBuilderFactory.setExpandEntityReferences(Z)V",
      "Ljavax/xml/parsers/DocumentBuilderFactory.setFeature(Ljava/lang/String;Z)V",
      "Ljavax/xml/parsers/DocumentBuilderFactory.setIgnoringComments(Z)V",
      "Ljavax/xml/parsers/DocumentBuilderFactory.setIgnoringElementContentWhitespace(Z)V",
      "Ljavax/xml/parsers/DocumentBuilderFactory.setNamespaceAware(Z)V",
      "Ljavax/xml/parsers/DocumentBuilderFactory.setSchema(Ljavax/xml/validation/Schema;)V",
      "Ljavax/xml/parsers/DocumentBuilderFactory.setValidating(Z)V",
      "Ljavax/xml/parsers/DocumentBuilderFactory.setXIncludeAware(Z)V"
    ]
  },
  {
    "frequency": 2,
    "overriddenMethods": [
      "Ljavax/xml/parsers/DocumentBuilderFactory.getAttribute(Ljava/lang/String;)Ljava/lang/Object;",
      "Ljavax/xml/parsers/DocumentBuilderFactory.getFeature(Ljava/lang/String;)Z",
      "Ljavax/xml/parsers/DocumentBuilderFactory.isXIncludeAware()Z",
      "Ljavax/xml/parsers/DocumentBuilderFactory.newDocumentBuilder()Ljavax/xml/parsers/DocumentBuilder;",
      "Ljavax/xml/parsers/DocumentBuilderFactory.setAttribute(Ljava/lang/String;Ljava/lang/Object;)V",
      "Ljavax/xml/parsers/DocumentBuilderFactory.setFeature(Ljava/lang/String;Z)V",
      "Ljavax/xml/parsers/DocumentBuilderFactory.setXIncludeAware(Z)V"
    ]
  },
  {
    "frequency": 1,
    "overriddenMethods": [
      "Ljavax/xml/parsers/DocumentBuilderFactory.getAttribute(Ljava/lang/String;)Ljava/lang/Object;",
      "Ljavax/xml/parsers/DocumentBuilderFactory.isCoalescing()Z",
      "Ljavax/xml/parsers/DocumentBuilderFactory.isIgnoringComments()Z",
      "Ljavax/xml/parsers/DocumentBuilderFactory.isIgnoringElementContentWhitespace()Z",
      "Ljavax/xml/parsers/DocumentBuilderFactory.isNamespaceAware()Z",
      "Ljavax/xml/parsers/DocumentBuilderFactory.isValidating()Z",
      "Ljavax/xml/parsers/DocumentBuilderFactory.newDocumentBuilder()Ljavax/xml/parsers/DocumentBuilder;",
      "Ljavax/xml/parsers/DocumentBuilderFactory.setAttribute(Ljava/lang/String;Ljava/lang/Object;)V",
      "Ljavax/xml/parsers/DocumentBuilderFactory.setCoalescing(Z)V",
      "Ljavax/xml/parsers/DocumentBuilderFactory.setIgnoringComments(Z)V",
      "Ljavax/xml/parsers/DocumentBuilderFactory.setIgnoringElementContentWhitespace(Z)V",
      "Ljavax/xml/parsers/DocumentBuilderFactory.setNamespaceAware(Z)V",
      "Ljavax/xml/parsers/DocumentBuilderFactory.setValidating(Z)V"
    ]
  },
  {
    "frequency": 2,
    "overriddenMethods": [
      "Ljavax/xml/parsers/DocumentBuilderFactory.getAttribute(Ljava/lang/String;)Ljava/lang/Object;",
      "Ljavax/xml/parsers/DocumentBuilderFactory.getFeature(Ljava/lang/String;)Z",
      "Ljavax/xml/parsers/DocumentBuilderFactory.getSchema()Ljavax/xml/validation/Schema;",
      "Ljavax/xml/parsers/DocumentBuilderFactory.newDocumentBuilder()Ljavax/xml/parsers/DocumentBuilder;",
      "Ljavax/xml/parsers/DocumentBuilderFactory.setAttribute(Ljava/lang/String;Ljava/lang/Object;)V",
      "Ljavax/xml/parsers/DocumentBuilderFactory.setFeature(Ljava/lang/String;Z)V",
      "Ljavax/xml/parsers/DocumentBuilderFactory.setSchema(Ljavax/xml/validation/Schema;)V"
    ]
  },
  {
    "frequency": 2,
    "overriddenMethods": [
      "Ljavax/xml/parsers/DocumentBuilderFactory.getAttribute(Ljava/lang/String;)Ljava/lang/Object;",
      "Ljavax/xml/parsers/DocumentBuilderFactory.getFeature(Ljava/lang/String;)Z",
      "Ljavax/xml/parsers/DocumentBuilderFactory.getSchema()Ljavax/xml/validation/Schema;",
      "Ljavax/xml/parsers/DocumentBuilderFactory.isCoalescing()Z",
      "Ljavax/xml/parsers/DocumentBuilderFactory.isExpandEntityReferences()Z",
      "Ljavax/xml/parsers/DocumentBuilderFactory.isIgnoringComments()Z",
      "Ljavax/xml/parsers/DocumentBuilderFactory.isIgnoringElementContentWhitespace()Z",
      "Ljavax/xml/parsers/DocumentBuilderFactory.isNamespaceAware()Z",
      "Ljavax/xml/parsers/DocumentBuilderFactory.isValidating()Z",
      "Ljavax/xml/parsers/DocumentBuilderFactory.newDocumentBuilder()Ljavax/xml/parsers/DocumentBuilder;",
      "Ljavax/xml/parsers/DocumentBuilderFactory.setAttribute(Ljava/lang/String;Ljava/lang/Object;)V",
      "Ljavax/xml/parsers/DocumentBuilderFactory.setCoalescing(Z)V",
      "Ljavax/xml/parsers/DocumentBuilderFactory.setExpandEntityReferences(Z)V",
      "Ljavax/xml/parsers/DocumentBuilderFactory.setFeature(Ljava/lang/String;Z)V",
      "Ljavax/xml/parsers/DocumentBuilderFactory.setIgnoringComments(Z)V",
      "Ljavax/xml/parsers/DocumentBuilderFactory.setIgnoringElementContentWhitespace(Z)V",
      "Ljavax/xml/parsers/DocumentBuilderFactory.setNamespaceAware(Z)V",
      "Ljavax/xml/parsers/DocumentBuilderFactory.setSchema(Ljavax/xml/validation/Schema;)V",
      "Ljavax/xml/parsers/DocumentBuilderFactory.setValidating(Z)V",
      "Ljavax/xml/parsers/DocumentBuilderFactory.setXIncludeAware(Z)V"
    ]
  }
]