[
  {
    "frequency": 23,
    "overriddenMethods": [
      "Ljavax/net/SocketFactory.createSocket(Ljava/lang/String;I)Ljava/net/Socket;",
      "Ljavax/net/SocketFactory.createSocket(Ljava/lang/String;ILjava/net/InetAddress;I)Ljava/net/Socket;",
      "Ljavax/net/SocketFactory.createSocket(Ljava/net/InetAddress;I)Ljava/net/Socket;",
      "Ljavax/net/SocketFactory.createSocket(Ljava/net/InetAddress;ILjava/net/InetAddress;I)Ljava/net/Socket;"
    ]
  },
  {
    "frequency": 3,
    "overriddenMethods": [
      "Ljavax/net/SocketFactory.createSocket()Ljava/net/Socket;",
      "Ljavax/net/SocketFactory.createSocket(Ljava/lang/String;I)Ljava/net/Socket;",
      "Ljavax/net/SocketFactory.createSocket(Ljava/lang/String;ILjava/net/InetAddress;I)Ljava/net/Socket;",
      "Ljavax/net/SocketFactory.createSocket(Ljava/net/InetAddress;I)Ljava/net/Socket;",
      "Ljavax/net/SocketFactory.createSocket(Ljava/net/InetAddress;ILjava/net/InetAddress;I)Ljava/net/Socket;"
    ]
  },
  {
    "frequency": 1,
    "overriddenMethods": [
      "Ljava/lang/Object.equals(Ljava/lang/Object;)Z",
      "Ljava/lang/Object.hashCode()I",
      "Ljavax/net/SocketFactory.createSocket(Ljava/lang/String;I)Ljava/net/Socket;",
      "Ljavax/net/SocketFactory.createSocket(Ljava/lang/String;ILjava/net/InetAddress;I)Ljava/net/Socket;",
      "Ljavax/net/SocketFactory.createSocket(Ljava/net/InetAddress;I)Ljava/net/Socket;",
      "Ljavax/net/SocketFactory.createSocket(Ljava/net/InetAddress;ILjava/net/InetAddress;I)Ljava/net/Socket;"
    ]
  }
]