[
  {
    "frequency": 1,
    "overriddenMethods": [
      "Ljava/io/InputStream.reset()V",
      "Ljava/lang/Object.toString()Ljava/lang/String;",
      "Lorg/omg/CORBA/portable/InputStream.read_Object()Lorg/omg/CORBA/Object;",
      "Lorg/omg/CORBA/portable/InputStream.read_Object(Ljava/lang/Class;)Lorg/omg/CORBA/Object;",
      "Lorg/omg/CORBA/portable/InputStream.read_TypeCode()Lorg/omg/CORBA/TypeCode;",
      "Lorg/omg/CORBA/portable/InputStream.read_any()Lorg/omg/CORBA/Any;",
      "Lorg/omg/CORBA/portable/InputStream.read_boolean()Z",
      "Lorg/omg/CORBA/portable/InputStream.read_boolean_array([ZII)V",
      "Lorg/omg/CORBA/portable/InputStream.read_char()C",
      "Lorg/omg/CORBA/portable/InputStream.read_char_array([CII)V",
      "Lorg/omg/CORBA/portable/InputStream.read_double()D",
      "Lorg/omg/CORBA/portable/InputStream.read_double_array([DII)V",
      "Lorg/omg/CORBA/portable/InputStream.read_float()F",
      "Lorg/omg/CORBA/portable/InputStream.read_float_array([FII)V",
      "Lorg/omg/CORBA/portable/InputStream.read_long()I",
      "Lorg/omg/CORBA/portable/InputStream.read_long_array([III)V",
      "Lorg/omg/CORBA/portable/InputStream.read_longlong()J",
      "Lorg/omg/CORBA/portable/InputStream.read_longlong_array([JII)V",
      "Lorg/omg/CORBA/portable/InputStream.read_octet()B",
      "Lorg/omg/CORBA/portable/InputStream.read_octet_array([BII)V",
      "Lorg/omg/CORBA/portable/InputStream.read_short()S",
      "Lorg/omg/CORBA/portable/InputStream.read_short_array([SII)V",
      "Lorg/omg/CORBA/portable/InputStream.read_string()Ljava/lang/String;",
      "Lorg/omg/CORBA/portable/InputStream.read_ulong()I",
      "Lorg/omg/CORBA/portable/InputStream.read_ulong_array([III)V",
      "Lorg/omg/CORBA/portable/InputStream.read_ulonglong()J",
      "Lorg/omg/CORBA/portable/InputStream.read_ulonglong_array([JII)V",
      "Lorg/omg/CORBA/portable/InputStream.read_ushort()S",
      "Lorg/omg/CORBA/portable/InputStream.read_ushort_array([SII)V",
      "Lorg/omg/CORBA/portable/InputStream.read_wchar()C",
      "Lorg/omg/CORBA/portable/InputStream.read_wchar_array([CII)V",
      "Lorg/omg/CORBA/portable/InputStream.read_wstring()Ljava/lang/String;",
      "Lorg/omg/CORBA_2_3/portable/InputStream.read_abstract_interface()Ljava/lang/Object;",
      "Lorg/omg/CORBA_2_3/portable/InputStream.read_abstract_interface(Ljava/lang/Class;)Ljava/lang/Object;",
      "Lorg/omg/CORBA_2_3/portable/InputStream.read_value()Ljava/io/Serializable;",
      "Lorg/omg/CORBA_2_3/portable/InputStream.read_value(Ljava/io/Serializable;)Ljava/io/Serializable;",
      "Lorg/omg/CORBA_2_3/portable/InputStream.read_value(Ljava/lang/Class;)Ljava/io/Serializable;",
      "Lorg/omg/CORBA_2_3/portable/InputStream.read_value(Ljava/lang/String;)Ljava/io/Serializable;",
      "Lorg/omg/CORBA_2_3/portable/InputStream.read_value(Lorg/omg/CORBA/portable/BoxedValueHelper;)Ljava/io/Serializable;"
    ]
  },
  {
    "frequency": 1,
    "overriddenMethods": [
      "Ljava/io/InputStream.available()I",
      "Ljava/io/InputStream.close()V",
      "Ljava/io/InputStream.mark(I)V",
      "Ljava/io/InputStream.markSupported()Z",
      "Ljava/io/InputStream.read([B)I",
      "Ljava/io/InputStream.read([BII)I",
      "Ljava/io/InputStream.reset()V",
      "Lorg/omg/CORBA/portable/InputStream.orb()Lorg/omg/CORBA/ORB;",
      "Lorg/omg/CORBA/portable/InputStream.read()I",
      "Lorg/omg/CORBA/portable/InputStream.read_Object(Ljava/lang/Class;)Lorg/omg/CORBA/Object;",
      "Lorg/omg/CORBA_2_3/portable/InputStream.read_abstract_interface()Ljava/lang/Object;",
      "Lorg/omg/CORBA_2_3/portable/InputStream.read_abstract_interface(Ljava/lang/Class;)Ljava/lang/Object;",
      "Lorg/omg/CORBA_2_3/portable/InputStream.read_value()Ljava/io/Serializable;",
      "Lorg/omg/CORBA_2_3/portable/InputStream.read_value(Ljava/io/Serializable;)Ljava/io/Serializable;",
      "Lorg/omg/CORBA_2_3/portable/InputStream.read_value(Ljava/lang/Class;)Ljava/io/Serializable;",
      "Lorg/omg/CORBA_2_3/portable/InputStream.read_value(Ljava/lang/String;)Ljava/io/Serializable;",
      "Lorg/omg/CORBA_2_3/portable/InputStream.read_value(Lorg/omg/CORBA/portable/BoxedValueHelper;)Ljava/io/Serializable;"
    ]
  },
  {
    "frequency": 1,
    "overriddenMethods": [
      "Ljava/io/InputStream.available()I",
      "Ljava/io/InputStream.mark(I)V",
      "Ljava/io/InputStream.reset()V",
      "Ljava/lang/Object.equals(Ljava/lang/Object;)Z",
      "Lorg/omg/CORBA/portable/InputStream.orb()Lorg/omg/CORBA/ORB;",
      "Lorg/omg/CORBA/portable/InputStream.read_Context()Lorg/omg/CORBA/Context;",
      "Lorg/omg/CORBA/portable/InputStream.read_Object()Lorg/omg/CORBA/Object;",
      "Lorg/omg/CORBA/portable/InputStream.read_Object(Ljava/lang/Class;)Lorg/omg/CORBA/Object;",
      "Lorg/omg/CORBA/portable/InputStream.read_Principal()Lorg/omg/CORBA/Principal;",
      "Lorg/omg/CORBA/portable/InputStream.read_TypeCode()Lorg/omg/CORBA/TypeCode;",
      "Lorg/omg/CORBA/portable/InputStream.read_any()Lorg/omg/CORBA/Any;",
      "Lorg/omg/CORBA/portable/InputStream.read_boolean()Z",
      "Lorg/omg/CORBA/portable/InputStream.read_boolean_array([ZII)V",
      "Lorg/omg/CORBA/portable/InputStream.read_char()C",
      "Lorg/omg/CORBA/portable/InputStream.read_char_array([CII)V",
      "Lorg/omg/CORBA/portable/InputStream.read_double()D",
      "Lorg/omg/CORBA/portable/InputStream.read_double_array([DII)V",
      "Lorg/omg/CORBA/portable/InputStream.read_fixed()Ljava/math/BigDecimal;",
      "Lorg/omg/CORBA/portable/InputStream.read_float()F",
      "Lorg/omg/CORBA/portable/InputStream.read_float_array([FII)V",
      "Lorg/omg/CORBA/portable/InputStream.read_long()I",
      "Lorg/omg/CORBA/portable/InputStream.read_long_array([III)V",
      "Lorg/omg/CORBA/portable/InputStream.read_longlong()J",
      "Lorg/omg/CORBA/portable/InputStream.read_longlong_array([JII)V",
      "Lorg/omg/CORBA/portable/InputStream.read_octet()B",
      "Lorg/omg/CORBA/portable/InputStream.read_octet_array([BII)V",
      "Lorg/omg/CORBA/portable/InputStream.read_short()S",
      "Lorg/omg/CORBA/portable/InputStream.read_short_array([SII)V",
      "Lorg/omg/CORBA/portable/InputStream.read_string()Ljava/lang/String;",
      "Lorg/omg/CORBA/portable/InputStream.read_ulong()I",
      "Lorg/omg/CORBA/portable/InputStream.read_ulong_array([III)V",
      "Lorg/omg/CORBA/portable/InputStream.read_ulonglong()J",
      "Lorg/omg/CORBA/portable/InputStream.read_ulonglong_array([JII)V",
      "Lorg/omg/CORBA/portable/InputStream.read_ushort()S",
      "Lorg/omg/CORBA/portable/InputStream.read_ushort_array([SII)V",
      "Lorg/omg/CORBA/portable/InputStream.read_wchar()C",
      "Lorg/omg/CORBA/portable/InputStream.read_wchar_array([CII)V",
      "Lorg/omg/CORBA/portable/InputStream.read_wstring()Ljava/lang/String;",
      "Lorg/omg/CORBA_2_3/portable/InputStream.read_abstract_interface()Ljava/lang/Object;",
      "Lorg/omg/CORBA_2_3/portable/InputStream.read_abstract_interface(Ljava/lang/Class;)Ljava/lang/Object;",
      "Lorg/omg/CORBA_2_3/portable/InputStream.read_value()Ljava/io/Serializable;",
      "Lorg/omg/CORBA_2_3/portable/InputStream.read_value(Ljava/io/Serializable;)Ljava/io/Serializable;",
      "Lorg/omg/CORBA_2_3/portable/InputStream.read_value(Ljava/lang/Class;)Ljava/io/Serializable;",
      "Lorg/omg/CORBA_2_3/portable/InputStream.read_value(Ljava/lang/String;)Ljava/io/Serializable;",
      "Lorg/omg/CORBA_2_3/portable/InputStream.read_value(Lorg/omg/CORBA/portable/BoxedValueHelper;)Ljava/io/Serializable;"
    ]
  }
]