[
  {
    "frequency": 1,
    "overriddenMethods": [
      "Ljava/util/prefs/AbstractPreferences.childSpi(Ljava/lang/String;)Ljava/util/prefs/AbstractPreferences;",
      "Ljava/util/prefs/AbstractPreferences.childrenNamesSpi()[Ljava/lang/String;",
      "Ljava/util/prefs/AbstractPreferences.flushSpi()V",
      "Ljava/util/prefs/AbstractPreferences.get(Ljava/lang/String;Ljava/lang/String;)Ljava/lang/String;",
      "Ljava/util/prefs/AbstractPreferences.getSpi(Ljava/lang/String;)Ljava/lang/String;",
      "Ljava/util/prefs/AbstractPreferences.keysSpi()[Ljava/lang/String;",
      "Ljava/util/prefs/AbstractPreferences.put(Ljava/lang/String;Ljava/lang/String;)V",
      "Ljava/util/prefs/AbstractPreferences.putSpi(Ljava/lang/String;Ljava/lang/String;)V",
      "Ljava/util/prefs/AbstractPreferences.removeNodeSpi()V",
      "Ljava/util/prefs/AbstractPreferences.removeSpi(Ljava/lang/String;)V",
      "Ljava/util/prefs/AbstractPreferences.syncSpi()V"
    ]
  },
  {
    "frequency": 1,
    "overriddenMethods": [
      "Ljava/util/prefs/AbstractPreferences.childSpi(Ljava/lang/String;)Ljava/util/prefs/AbstractPreferences;",
      "Ljava/util/prefs/AbstractPreferences.childrenNamesSpi()[Ljava/lang/String;",
      "Ljava/util/prefs/AbstractPreferences.flushSpi()V",
      "Ljava/util/prefs/AbstractPreferences.getSpi(Ljava/lang/String;)Ljava/lang/String;",
      "Ljava/util/prefs/AbstractPreferences.keysSpi()[Ljava/lang/String;",
      "Ljava/util/prefs/AbstractPreferences.putSpi(Ljava/lang/String;Ljava/lang/String;)V",
      "Ljava/util/prefs/AbstractPreferences.removeNodeSpi()V",
      "Ljava/util/prefs/AbstractPreferences.removeSpi(Ljava/lang/String;)V",
      "Ljava/util/prefs/AbstractPreferences.syncSpi()V",
      "Ljava/util/prefs/AbstractPreferences.toString()Ljava/lang/String;"
    ]
  },
  {
    "frequency": 2,
    "overriddenMethods": [
      "Ljava/util/prefs/AbstractPreferences.childSpi(Ljava/lang/String;)Ljava/util/prefs/AbstractPreferences;",
      "Ljava/util/prefs/AbstractPreferences.childrenNamesSpi()[Ljava/lang/String;",
      "Ljava/util/prefs/AbstractPreferences.flush()V",
      "Ljava/util/prefs/AbstractPreferences.flushSpi()V",
      "Ljava/util/prefs/AbstractPreferences.getSpi(Ljava/lang/String;)Ljava/lang/String;",
      "Ljava/util/prefs/AbstractPreferences.keysSpi()[Ljava/lang/String;",
      "Ljava/util/prefs/AbstractPreferences.putSpi(Ljava/lang/String;Ljava/lang/String;)V",
      "Ljava/util/prefs/AbstractPreferences.removeNodeSpi()V",
      "Ljava/util/prefs/AbstractPreferences.removeSpi(Ljava/lang/String;)V",
      "Ljava/util/prefs/AbstractPreferences.sync()V",
      "Ljava/util/prefs/AbstractPreferences.syncSpi()V"
    ]
  },
  {
    "frequency": 6,
    "overriddenMethods": [
      "Ljava/util/prefs/AbstractPreferences.childSpi(Ljava/lang/String;)Ljava/util/prefs/AbstractPreferences;",
      "Ljava/util/prefs/AbstractPreferences.childrenNamesSpi()[Ljava/lang/String;",
      "Ljava/util/prefs/AbstractPreferences.flushSpi()V",
      "Ljava/util/prefs/AbstractPreferences.getSpi(Ljava/lang/String;)Ljava/lang/String;",
      "Ljava/util/prefs/AbstractPreferences.keysSpi()[Ljava/lang/String;",
      "Ljava/util/prefs/AbstractPreferences.putSpi(Ljava/lang/String;Ljava/lang/String;)V",
      "Ljava/util/prefs/AbstractPreferences.removeNodeSpi()V",
      "Ljava/util/prefs/AbstractPreferences.removeSpi(Ljava/lang/String;)V",
      "Ljava/util/prefs/AbstractPreferences.syncSpi()V"
    ]
  }
]