[
  {
    "frequency": 27,
    "overriddenMethods": [
      "Ljava/awt/event/FocusAdapter.focusLost(Ljava/awt/event/FocusEvent;)V"
    ]
  },
  {
    "frequency": 5,
    "overriddenMethods": [
      "Ljava/awt/event/FocusAdapter.focusGained(Ljava/awt/event/FocusEvent;)V",
      "Ljava/awt/event/FocusAdapter.focusLost(Ljava/awt/event/FocusEvent;)V"
    ]
  },
  {
    "frequency": 14,
    "overriddenMethods": [
      "Ljava/awt/event/FocusAdapter.focusGained(Ljava/awt/event/FocusEvent;)V"
    ]
  }
]