[
  {
    "frequency": 39,
    "overriddenMethods": [
      "Ljava/text/Format.format(Ljava/lang/Object;Ljava/lang/StringBuffer;Ljava/text/FieldPosition;)Ljava/lang/StringBuffer;",
      "Ljava/text/Format.parseObject(Ljava/lang/String;Ljava/text/ParsePosition;)Ljava/lang/Object;"
    ]
  },
  {
    "frequency": 1,
    "overriddenMethods": [
      "Ljava/text/Format.clone()Ljava/lang/Object;",
      "Ljava/text/Format.format(Ljava/lang/Object;Ljava/lang/StringBuffer;Ljava/text/FieldPosition;)Ljava/lang/StringBuffer;",
      "Ljava/text/Format.parseObject(Ljava/lang/String;Ljava/text/ParsePosition;)Ljava/lang/Object;"
    ]
  },
  {
    "frequency": 1,
    "overriddenMethods": [
      "Ljava/lang/Object.equals(Ljava/lang/Object;)Z",
      "Ljava/lang/Object.hashCode()I",
      "Ljava/text/Format.clone()Ljava/lang/Object;",
      "Ljava/text/Format.parseObject(Ljava/lang/String;Ljava/text/ParsePosition;)Ljava/lang/Object;"
    ]
  },
  {
    "frequency": 16,
    "overriddenMethods": [
      "Ljava/lang/Object.equals(Ljava/lang/Object;)Z",
      "Ljava/lang/Object.hashCode()I",
      "Ljava/lang/Object.toString()Ljava/lang/String;",
      "Ljava/text/Format.format(Ljava/lang/Object;Ljava/lang/StringBuffer;Ljava/text/FieldPosition;)Ljava/lang/StringBuffer;",
      "Ljava/text/Format.parseObject(Ljava/lang/String;Ljava/text/ParsePosition;)Ljava/lang/Object;"
    ]
  },
  {
    "frequency": 1,
    "overriddenMethods": [
      "Ljava/lang/Object.equals(Ljava/lang/Object;)Z",
      "Ljava/lang/Object.hashCode()I",
      "Ljava/text/Format.clone()Ljava/lang/Object;",
      "Ljava/text/Format.format(Ljava/lang/Object;Ljava/lang/StringBuffer;Ljava/text/FieldPosition;)Ljava/lang/StringBuffer;"
    ]
  }
]