[
  {
    "frequency": 2,
    "overriddenMethods": [
      "Ljava/security/cert/Certificate.equals(Ljava/lang/Object;)Z",
      "Ljava/security/cert/Certificate.getEncoded()[B",
      "Ljava/security/cert/Certificate.getPublicKey()Ljava/security/PublicKey;",
      "Ljava/security/cert/Certificate.hashCode()I",
      "Ljava/security/cert/Certificate.toString()Ljava/lang/String;",
      "Ljava/security/cert/X509Certificate.checkValidity()V",
      "Ljava/security/cert/X509Certificate.checkValidity(Ljava/util/Date;)V",
      "Ljava/security/cert/X509Certificate.getBasicConstraints()I",
      "Ljava/security/cert/X509Certificate.getExtendedKeyUsage()Ljava/util/List;",
      "Ljava/security/cert/X509Certificate.getIssuerDN()Ljava/security/Principal;",
      "Ljava/security/cert/X509Certificate.getIssuerUniqueID()[Z",
      "Ljava/security/cert/X509Certificate.getIssuerX500Principal()Ljavax/security/auth/x500/X500Principal;",
      "Ljava/security/cert/X509Certificate.getKeyUsage()[Z",
      "Ljava/security/cert/X509Certificate.getNotAfter()Ljava/util/Date;",
      "Ljava/security/cert/X509Certificate.getNotBefore()Ljava/util/Date;",
      "Ljava/security/cert/X509Certificate.getSerialNumber()Ljava/math/BigInteger;",
      "Ljava/security/cert/X509Certificate.getSigAlgName()Ljava/lang/String;",
      "Ljava/security/cert/X509Certificate.getSigAlgOID()Ljava/lang/String;",
      "Ljava/security/cert/X509Certificate.getSigAlgParams()[B",
      "Ljava/security/cert/X509Certificate.getSignature()[B",
      "Ljava/security/cert/X509Certificate.getSubjectDN()Ljava/security/Principal;",
      "Ljava/security/cert/X509Certificate.getSubjectUniqueID()[Z",
      "Ljava/security/cert/X509Certificate.getSubjectX500Principal()Ljavax/security/auth/x500/X500Principal;",
      "Ljava/security/cert/X509Certificate.getTBSCertificate()[B",
      "Ljava/security/cert/X509Certificate.getVersion()I"
    ]
  },
  {
    "frequency": 2,
    "overriddenMethods": [
      "Ljava/security/cert/Certificate.equals(Ljava/lang/Object;)Z",
      "Ljava/security/cert/Certificate.getEncoded()[B",
      "Ljava/security/cert/Certificate.getPublicKey()Ljava/security/PublicKey;",
      "Ljava/security/cert/Certificate.hashCode()I",
      "Ljava/security/cert/Certificate.toString()Ljava/lang/String;",
      "Ljava/security/cert/Certificate.verify(Ljava/security/PublicKey;)V",
      "Ljava/security/cert/Certificate.verify(Ljava/security/PublicKey;Ljava/lang/String;)V",
      "Ljava/security/cert/X509Certificate.checkValidity()V",
      "Ljava/security/cert/X509Certificate.checkValidity(Ljava/util/Date;)V",
      "Ljava/security/cert/X509Certificate.getBasicConstraints()I",
      "Ljava/security/cert/X509Certificate.getIssuerDN()Ljava/security/Principal;",
      "Ljava/security/cert/X509Certificate.getIssuerUniqueID()[Z",
      "Ljava/security/cert/X509Certificate.getKeyUsage()[Z",
      "Ljava/security/cert/X509Certificate.getNotAfter()Ljava/util/Date;",
      "Ljava/security/cert/X509Certificate.getNotBefore()Ljava/util/Date;",
      "Ljava/security/cert/X509Certificate.getSerialNumber()Ljava/math/BigInteger;",
      "Ljava/security/cert/X509Certificate.getSigAlgName()Ljava/lang/String;",
      "Ljava/security/cert/X509Certificate.getSigAlgOID()Ljava/lang/String;",
      "Ljava/security/cert/X509Certificate.getSigAlgParams()[B",
      "Ljava/security/cert/X509Certificate.getSignature()[B",
      "Ljava/security/cert/X509Certificate.getSubjectDN()Ljava/security/Principal;",
      "Ljava/security/cert/X509Certificate.getSubjectUniqueID()[Z",
      "Ljava/security/cert/X509Certificate.getTBSCertificate()[B",
      "Ljava/security/cert/X509Certificate.getVersion()I"
    ]
  },
  {
    "frequency": 1,
    "overriddenMethods": [
      "Ljava/security/cert/Certificate.getEncoded()[B",
      "Ljava/security/cert/Certificate.getPublicKey()Ljava/security/PublicKey;",
      "Ljava/security/cert/Certificate.toString()Ljava/lang/String;",
      "Ljava/security/cert/Certificate.verify(Ljava/security/PublicKey;)V",
      "Ljava/security/cert/Certificate.verify(Ljava/security/PublicKey;Ljava/lang/String;)V",
      "Ljava/security/cert/X509Certificate.checkValidity()V",
      "Ljava/security/cert/X509Certificate.checkValidity(Ljava/util/Date;)V",
      "Ljava/security/cert/X509Certificate.getBasicConstraints()I",
      "Ljava/security/cert/X509Certificate.getIssuerDN()Ljava/security/Principal;",
      "Ljava/security/cert/X509Certificate.getIssuerUniqueID()[Z",
      "Ljava/security/cert/X509Certificate.getKeyUsage()[Z",
      "Ljava/security/cert/X509Certificate.getNotAfter()Ljava/util/Date;",
      "Ljava/security/cert/X509Certificate.getNotBefore()Ljava/util/Date;",
      "Ljava/security/cert/X509Certificate.getSerialNumber()Ljava/math/BigInteger;",
      "Ljava/security/cert/X509Certificate.getSigAlgName()Ljava/lang/String;",
      "Ljava/security/cert/X509Certificate.getSigAlgOID()Ljava/lang/String;",
      "Ljava/security/cert/X509Certificate.getSigAlgParams()[B",
      "Ljava/security/cert/X509Certificate.getSignature()[B",
      "Ljava/security/cert/X509Certificate.getSubjectDN()Ljava/security/Principal;",
      "Ljava/security/cert/X509Certificate.getSubjectUniqueID()[Z",
      "Ljava/security/cert/X509Certificate.getTBSCertificate()[B",
      "Ljava/security/cert/X509Certificate.getVersion()I"
    ]
  }
]