[
  {
    "frequency": 1,
    "overriddenMethods": [
      "Ljavax/swing/plaf/basic/BasicSplitPaneUI.createDefaultDivider()Ljavax/swing/plaf/basic/BasicSplitPaneDivider;",
      "Ljavax/swing/plaf/basic/BasicSplitPaneUI.paint(Ljava/awt/Graphics;Ljavax/swing/JComponent;)V",
      "Ljavax/swing/plaf/basic/BasicSplitPaneUI.uninstallDefaults()V"
    ]
  },
  {
    "frequency": 1,
    "overriddenMethods": [
      "Ljavax/swing/plaf/basic/BasicSplitPaneUI.createDefaultDivider()Ljavax/swing/plaf/basic/BasicSplitPaneDivider;",
      "Ljavax/swing/plaf/basic/BasicSplitPaneUI.installDefaults()V"
    ]
  },
  {
    "frequency": 1,
    "overriddenMethods": [
      "Ljavax/swing/plaf/ComponentUI.update(Ljava/awt/Graphics;Ljavax/swing/JComponent;)V",
      "Ljavax/swing/plaf/basic/BasicSplitPaneUI.createDefaultDivider()Ljavax/swing/plaf/basic/BasicSplitPaneDivider;",
      "Ljavax/swing/plaf/basic/BasicSplitPaneUI.installDefaults()V",
      "Ljavax/swing/plaf/basic/BasicSplitPaneUI.installListeners()V",
      "Ljavax/swing/plaf/basic/BasicSplitPaneUI.installUI(Ljavax/swing/JComponent;)V",
      "Ljavax/swing/plaf/basic/BasicSplitPaneUI.uninstallDefaults()V",
      "Ljavax/swing/plaf/basic/BasicSplitPaneUI.uninstallListeners()V",
      "Ljavax/swing/plaf/basic/BasicSplitPaneUI.uninstallUI(Ljavax/swing/JComponent;)V"
    ]
  }
]