[
  {
    "frequency": 7,
    "overriddenMethods": [
      "Ljavax/swing/plaf/basic/BasicButtonListener.stateChanged(Ljavax/swing/event/ChangeEvent;)V"
    ]
  },
  {
    "frequency": 1,
    "overriddenMethods": [
      "Ljavax/swing/plaf/basic/BasicButtonListener.mouseEntered(Ljava/awt/event/MouseEvent;)V",
      "Ljavax/swing/plaf/basic/BasicButtonListener.mouseExited(Ljava/awt/event/MouseEvent;)V",
      "Ljavax/swing/plaf/basic/BasicButtonListener.mouseReleased(Ljava/awt/event/MouseEvent;)V"
    ]
  },
  {
    "frequency": 1,
    "overriddenMethods": [
      "Ljavax/swing/plaf/basic/BasicButtonListener.focusGained(Ljava/awt/event/FocusEvent;)V",
      "Ljavax/swing/plaf/basic/BasicButtonListener.focusLost(Ljava/awt/event/FocusEvent;)V",
      "Ljavax/swing/plaf/basic/BasicButtonListener.mouseEntered(Ljava/awt/event/MouseEvent;)V",
      "Ljavax/swing/plaf/basic/BasicButtonListener.mouseExited(Ljava/awt/event/MouseEvent;)V",
      "Ljavax/swing/plaf/basic/BasicButtonListener.mouseMoved(Ljava/awt/event/MouseEvent;)V",
      "Ljavax/swing/plaf/basic/BasicButtonListener.mouseReleased(Ljava/awt/event/MouseEvent;)V"
    ]
  }
]