[
  {
    "frequency": 12,
    "overriddenMethods": []
  },
  {
    "frequency": 2,
    "overriddenMethods": [
      "Ljava/io/BufferedWriter.newLine()V",
      "Ljava/io/BufferedWriter.write(I)V",
      "Ljava/io/BufferedWriter.write(Ljava/lang/String;II)V",
      "Ljava/io/BufferedWriter.write([CII)V"
    ]
  },
  {
    "frequency": 2,
    "overriddenMethods": [
      "Ljava/io/Writer.write(Ljava/lang/String;)V",
      "Ljava/io/Writer.write([C)V"
    ]
  },
  {
    "frequency": 1,
    "overriddenMethods": [
      "Ljava/io/BufferedWriter.newLine()V"
    ]
  }
]