[
  {
    "frequency": 1,
    "overriddenMethods": [
      "Ljava/io/FileInputStream.close()V",
      "Ljava/io/FileInputStream.read()I",
      "Ljava/io/FileInputStream.read([B)I",
      "Ljava/io/FileInputStream.read([BII)I"
    ]
  },
  {
    "frequency": 14,
    "overriddenMethods": [
      "Ljava/io/FileInputStream.close()V"
    ]
  },
  {
    "frequency": 1,
    "overriddenMethods": [
      "Ljava/io/FileInputStream.read()I",
      "Ljava/io/FileInputStream.read([B)I",
      "Ljava/io/FileInputStream.read([BII)I",
      "Ljava/io/FileInputStream.skip(J)J"
    ]
  }
]