[
  {
    "frequency": 8,
    "overriddenMethods": [
      "Ljava/lang/Throwable.getMessage()Ljava/lang/String;",
      "Ljava/lang/Throwable.toString()Ljava/lang/String;"
    ]
  },
  {
    "frequency": 4,
    "overriddenMethods": [
      "Ljava/lang/Throwable.getCause()Ljava/lang/Throwable;",
      "Ljava/lang/Throwable.getMessage()Ljava/lang/String;",
      "Ljava/lang/Throwable.toString()Ljava/lang/String;"
    ]
  },
  {
    "frequency": 1,
    "overriddenMethods": [
      "Ljava/lang/Throwable.printStackTrace()V"
    ]
  },
  {
    "frequency": 674,
    "overriddenMethods": []
  },
  {
    "frequency": 1,
    "overriddenMethods": [
      "Ljava/lang/Throwable.getMessage()Ljava/lang/String;",
      "Ljava/lang/Throwable.printStackTrace()V",
      "Ljava/lang/Throwable.printStackTrace(Ljava/io/PrintStream;)V",
      "Ljava/lang/Throwable.printStackTrace(Ljava/io/PrintWriter;)V"
    ]
  },
  {
    "frequency": 8,
    "overriddenMethods": [
      "Ljava/lang/Throwable.getMessage()Ljava/lang/String;",
      "Ljava/lang/Throwable.printStackTrace()V",
      "Ljava/lang/Throwable.printStackTrace(Ljava/io/PrintStream;)V",
      "Ljava/lang/Throwable.printStackTrace(Ljava/io/PrintWriter;)V",
      "Ljava/lang/Throwable.toString()Ljava/lang/String;"
    ]
  },
  {
    "frequency": 26,
    "overriddenMethods": [
      "Ljava/lang/Throwable.toString()Ljava/lang/String;"
    ]
  },
  {
    "frequency": 3,
    "overriddenMethods": [
      "Ljava/lang/Throwable.getCause()Ljava/lang/Throwable;",
      "Ljava/lang/Throwable.initCause(Ljava/lang/Throwable;)Ljava/lang/Throwable;"
    ]
  },
  {
    "frequency": 2,
    "overriddenMethods": [
      "Ljava/lang/Throwable.printStackTrace()V",
      "Ljava/lang/Throwable.printStackTrace(Ljava/io/PrintStream;)V",
      "Ljava/lang/Throwable.printStackTrace(Ljava/io/PrintWriter;)V",
      "Ljava/lang/Throwable.toString()Ljava/lang/String;"
    ]
  },
  {
    "frequency": 45,
    "overriddenMethods": [
      "Ljava/lang/Throwable.getMessage()Ljava/lang/String;"
    ]
  },
  {
    "frequency": 43,
    "overriddenMethods": [
      "Ljava/lang/Throwable.getCause()Ljava/lang/Throwable;"
    ]
  },
  {
    "frequency": 2,
    "overriddenMethods": [
      "Ljava/lang/Object.clone()Ljava/lang/Object;",
      "Ljava/lang/Throwable.printStackTrace(Ljava/io/PrintStream;)V",
      "Ljava/lang/Throwable.printStackTrace(Ljava/io/PrintWriter;)V"
    ]
  },
  {
    "frequency": 26,
    "overriddenMethods": [
      "Ljava/lang/Throwable.getCause()Ljava/lang/Throwable;",
      "Ljava/lang/Throwable.printStackTrace()V",
      "Ljava/lang/Throwable.printStackTrace(Ljava/io/PrintStream;)V",
      "Ljava/lang/Throwable.printStackTrace(Ljava/io/PrintWriter;)V"
    ]
  }
]