[
  {
    "frequency": 3,
    "overriddenMethods": []
  },
  {
    "frequency": 12,
    "overriddenMethods": [
      "Ljava/io/ObjectOutputStream.writeClassDescriptor(Ljava/io/ObjectStreamClass;)V"
    ]
  },
  {
    "frequency": 1,
    "overriddenMethods": [
      "Ljava/io/ObjectOutputStream.close()V",
      "Ljava/io/ObjectOutputStream.defaultWriteObject()V",
      "Ljava/io/ObjectOutputStream.drain()V",
      "Ljava/io/ObjectOutputStream.flush()V",
      "Ljava/io/ObjectOutputStream.putFields()Ljava/io/ObjectOutputStream$PutField;",
      "Ljava/io/ObjectOutputStream.reset()V",
      "Ljava/io/ObjectOutputStream.write(I)V",
      "Ljava/io/ObjectOutputStream.write([B)V",
      "Ljava/io/ObjectOutputStream.write([BII)V",
      "Ljava/io/ObjectOutputStream.writeBoolean(Z)V",
      "Ljava/io/ObjectOutputStream.writeByte(I)V",
      "Ljava/io/ObjectOutputStream.writeBytes(Ljava/lang/String;)V",
      "Ljava/io/ObjectOutputStream.writeChar(I)V",
      "Ljava/io/ObjectOutputStream.writeChars(Ljava/lang/String;)V",
      "Ljava/io/ObjectOutputStream.writeClassDescriptor(Ljava/io/ObjectStreamClass;)V",
      "Ljava/io/ObjectOutputStream.writeDouble(D)V",
      "Ljava/io/ObjectOutputStream.writeFields()V",
      "Ljava/io/ObjectOutputStream.writeFloat(F)V",
      "Ljava/io/ObjectOutputStream.writeInt(I)V",
      "Ljava/io/ObjectOutputStream.writeLong(J)V",
      "Ljava/io/ObjectOutputStream.writeObjectOverride(Ljava/lang/Object;)V",
      "Ljava/io/ObjectOutputStream.writeShort(I)V",
      "Ljava/io/ObjectOutputStream.writeStreamHeader()V",
      "Ljava/io/ObjectOutputStream.writeUTF(Ljava/lang/String;)V",
      "Ljava/io/ObjectOutputStream.writeUnshared(Ljava/lang/Object;)V"
    ]
  },
  {
    "frequency": 2,
    "overriddenMethods": [
      "Ljava/io/ObjectOutputStream.annotateClass(Ljava/lang/Class;)V"
    ]
  },
  {
    "frequency": 1,
    "overriddenMethods": [
      "Ljava/io/ObjectOutputStream.close()V",
      "Ljava/io/ObjectOutputStream.defaultWriteObject()V",
      "Ljava/io/ObjectOutputStream.flush()V",
      "Ljava/io/ObjectOutputStream.putFields()Ljava/io/ObjectOutputStream$PutField;",
      "Ljava/io/ObjectOutputStream.reset()V",
      "Ljava/io/ObjectOutputStream.useProtocolVersion(I)V",
      "Ljava/io/ObjectOutputStream.write(I)V",
      "Ljava/io/ObjectOutputStream.write([B)V",
      "Ljava/io/ObjectOutputStream.write([BII)V",
      "Ljava/io/ObjectOutputStream.writeBoolean(Z)V",
      "Ljava/io/ObjectOutputStream.writeByte(I)V",
      "Ljava/io/ObjectOutputStream.writeBytes(Ljava/lang/String;)V",
      "Ljava/io/ObjectOutputStream.writeChar(I)V",
      "Ljava/io/ObjectOutputStream.writeChars(Ljava/lang/String;)V",
      "Ljava/io/ObjectOutputStream.writeDouble(D)V",
      "Ljava/io/ObjectOutputStream.writeFields()V",
      "Ljava/io/ObjectOutputStream.writeFloat(F)V",
      "Ljava/io/ObjectOutputStream.writeInt(I)V",
      "Ljava/io/ObjectOutputStream.writeLong(J)V",
      "Ljava/io/ObjectOutputStream.writeObjectOverride(Ljava/lang/Object;)V",
      "Ljava/io/ObjectOutputStream.writeShort(I)V",
      "Ljava/io/ObjectOutputStream.writeUTF(Ljava/lang/String;)V"
    ]
  },
  {
    "frequency": 3,
    "overriddenMethods": [
      "Ljava/io/ObjectOutputStream.reset()V"
    ]
  },
  {
    "frequency": 1,
    "overriddenMethods": [
      "Ljava/io/ObjectOutputStream.close()V",
      "Ljava/io/ObjectOutputStream.defaultWriteObject()V",
      "Ljava/io/ObjectOutputStream.drain()V",
      "Ljava/io/ObjectOutputStream.enableReplaceObject(Z)Z",
      "Ljava/io/ObjectOutputStream.flush()V",
      "Ljava/io/ObjectOutputStream.reset()V",
      "Ljava/io/ObjectOutputStream.write(I)V",
      "Ljava/io/ObjectOutputStream.write([B)V",
      "Ljava/io/ObjectOutputStream.write([BII)V",
      "Ljava/io/ObjectOutputStream.writeBoolean(Z)V",
      "Ljava/io/ObjectOutputStream.writeByte(I)V",
      "Ljava/io/ObjectOutputStream.writeBytes(Ljava/lang/String;)V",
      "Ljava/io/ObjectOutputStream.writeChar(I)V",
      "Ljava/io/ObjectOutputStream.writeChars(Ljava/lang/String;)V",
      "Ljava/io/ObjectOutputStream.writeClassDescriptor(Ljava/io/ObjectStreamClass;)V",
      "Ljava/io/ObjectOutputStream.writeDouble(D)V",
      "Ljava/io/ObjectOutputStream.writeFields()V",
      "Ljava/io/ObjectOutputStream.writeFloat(F)V",
      "Ljava/io/ObjectOutputStream.writeInt(I)V",
      "Ljava/io/ObjectOutputStream.writeLong(J)V",
      "Ljava/io/ObjectOutputStream.writeObjectOverride(Ljava/lang/Object;)V",
      "Ljava/io/ObjectOutputStream.writeShort(I)V",
      "Ljava/io/ObjectOutputStream.writeStreamHeader()V",
      "Ljava/io/ObjectOutputStream.writeUTF(Ljava/lang/String;)V",
      "Ljava/io/ObjectOutputStream.writeUnshared(Ljava/lang/Object;)V"
    ]
  },
  {
    "frequency": 19,
    "overriddenMethods": [
      "Ljava/io/ObjectOutputStream.replaceObject(Ljava/lang/Object;)Ljava/lang/Object;"
    ]
  },
  {
    "frequency": 5,
    "overriddenMethods": [
      "Ljava/io/ObjectOutputStream.annotateClass(Ljava/lang/Class;)V",
      "Ljava/io/ObjectOutputStream.annotateProxyClass(Ljava/lang/Class;)V",
      "Ljava/io/ObjectOutputStream.replaceObject(Ljava/lang/Object;)Ljava/lang/Object;"
    ]
  },
  {
    "frequency": 2,
    "overriddenMethods": [
      "Ljava/io/ObjectOutputStream.writeClassDescriptor(Ljava/io/ObjectStreamClass;)V",
      "Ljava/io/ObjectOutputStream.writeStreamHeader()V"
    ]
  },
  {
    "frequency": 1,
    "overriddenMethods": [
      "Ljava/io/ObjectOutputStream.annotateClass(Ljava/lang/Class;)V",
      "Ljava/io/ObjectOutputStream.replaceObject(Ljava/lang/Object;)Ljava/lang/Object;"
    ]
  },
  {
    "frequency": 1,
    "overriddenMethods": [
      "Ljava/io/ObjectOutputStream.defaultWriteObject()V",
      "Ljava/io/ObjectOutputStream.flush()V",
      "Ljava/io/ObjectOutputStream.putFields()Ljava/io/ObjectOutputStream$PutField;",
      "Ljava/io/ObjectOutputStream.write(I)V",
      "Ljava/io/ObjectOutputStream.write([B)V",
      "Ljava/io/ObjectOutputStream.write([BII)V",
      "Ljava/io/ObjectOutputStream.writeBoolean(Z)V",
      "Ljava/io/ObjectOutputStream.writeByte(I)V",
      "Ljava/io/ObjectOutputStream.writeBytes(Ljava/lang/String;)V",
      "Ljava/io/ObjectOutputStream.writeChar(I)V",
      "Ljava/io/ObjectOutputStream.writeChars(Ljava/lang/String;)V",
      "Ljava/io/ObjectOutputStream.writeDouble(D)V",
      "Ljava/io/ObjectOutputStream.writeFields()V",
      "Ljava/io/ObjectOutputStream.writeFloat(F)V",
      "Ljava/io/ObjectOutputStream.writeInt(I)V",
      "Ljava/io/ObjectOutputStream.writeLong(J)V",
      "Ljava/io/ObjectOutputStream.writeObjectOverride(Ljava/lang/Object;)V",
      "Ljava/io/ObjectOutputStream.writeShort(I)V",
      "Ljava/io/ObjectOutputStream.writeUTF(Ljava/lang/String;)V",
      "Ljava/io/ObjectOutputStream.writeUnshared(Ljava/lang/Object;)V"
    ]
  },
  {
    "frequency": 14,
    "overriddenMethods": [
      "Ljava/io/ObjectOutputStream.close()V",
      "Ljava/io/ObjectOutputStream.defaultWriteObject()V",
      "Ljava/io/ObjectOutputStream.flush()V",
      "Ljava/io/ObjectOutputStream.putFields()Ljava/io/ObjectOutputStream$PutField;",
      "Ljava/io/ObjectOutputStream.reset()V",
      "Ljava/io/ObjectOutputStream.useProtocolVersion(I)V",
      "Ljava/io/ObjectOutputStream.write(I)V",
      "Ljava/io/ObjectOutputStream.write([B)V",
      "Ljava/io/ObjectOutputStream.write([BII)V",
      "Ljava/io/ObjectOutputStream.writeBoolean(Z)V",
      "Ljava/io/ObjectOutputStream.writeByte(I)V",
      "Ljava/io/ObjectOutputStream.writeBytes(Ljava/lang/String;)V",
      "Ljava/io/ObjectOutputStream.writeChar(I)V",
      "Ljava/io/ObjectOutputStream.writeChars(Ljava/lang/String;)V",
      "Ljava/io/ObjectOutputStream.writeDouble(D)V",
      "Ljava/io/ObjectOutputStream.writeFields()V",
      "Ljava/io/ObjectOutputStream.writeFloat(F)V",
      "Ljava/io/ObjectOutputStream.writeInt(I)V",
      "Ljava/io/ObjectOutputStream.writeLong(J)V",
      "Ljava/io/ObjectOutputStream.writeObjectOverride(Ljava/lang/Object;)V",
      "Ljava/io/ObjectOutputStream.writeShort(I)V",
      "Ljava/io/ObjectOutputStream.writeUTF(Ljava/lang/String;)V",
      "Ljava/io/ObjectOutputStream.writeUnshared(Ljava/lang/Object;)V"
    ]
  },
  {
    "frequency": 1,
    "overriddenMethods": [
      "Ljava/io/ObjectOutputStream.replaceObject(Ljava/lang/Object;)Ljava/lang/Object;",
      "Ljava/io/ObjectOutputStream.writeClassDescriptor(Ljava/io/ObjectStreamClass;)V"
    ]
  }
]