[
  {
    "frequency": 1,
    "overriddenMethods": []
  },
  {
    "frequency": 1,
    "overriddenMethods": [
      "Ljava/io/PushbackReader.read()I",
      "Ljava/io/PushbackReader.unread(I)V"
    ]
  },
  {
    "frequency": 1,
    "overriddenMethods": [
      "Ljava/io/PushbackReader.close()V",
      "Ljava/io/PushbackReader.mark(I)V",
      "Ljava/io/PushbackReader.markSupported()Z",
      "Ljava/io/PushbackReader.read()I",
      "Ljava/io/PushbackReader.read([CII)I",
      "Ljava/io/PushbackReader.ready()Z",
      "Ljava/io/PushbackReader.reset()V",
      "Ljava/io/PushbackReader.skip(J)J",
      "Ljava/io/PushbackReader.unread(I)V",
      "Ljava/io/PushbackReader.unread([C)V",
      "Ljava/io/PushbackReader.unread([CII)V",
      "Ljava/io/Reader.read(Ljava/nio/CharBuffer;)I",
      "Ljava/io/Reader.read([C)I",
      "Ljava/lang/Object.clone()Ljava/lang/Object;",
      "Ljava/lang/Object.equals(Ljava/lang/Object;)Z",
      "Ljava/lang/Object.hashCode()I",
      "Ljava/lang/Object.toString()Ljava/lang/String;"
    ]
  }
]