[
  {
    "frequency": 3,
    "overriddenMethods": [
      "Ljava/io/RandomAccessFile.close()V",
      "Ljava/lang/Object.finalize()V"
    ]
  },
  {
    "frequency": 21,
    "overriddenMethods": []
  },
  {
    "frequency": 6,
    "overriddenMethods": [
      "Ljava/io/RandomAccessFile.close()V"
    ]
  },
  {
    "frequency": 2,
    "overriddenMethods": [
      "Ljava/io/RandomAccessFile.close()V",
      "Ljava/io/RandomAccessFile.getFilePointer()J",
      "Ljava/io/RandomAccessFile.read()I",
      "Ljava/io/RandomAccessFile.read([BII)I",
      "Ljava/io/RandomAccessFile.seek(J)V"
    ]
  },
  {
    "frequency": 1,
    "overriddenMethods": [
      "Ljava/io/RandomAccessFile.getFilePointer()J",
      "Ljava/io/RandomAccessFile.read([BII)I",
      "Ljava/io/RandomAccessFile.seek(J)V"
    ]
  },
  {
    "frequency": 2,
    "overriddenMethods": [
      "Ljava/io/RandomAccessFile.getFilePointer()J",
      "Ljava/io/RandomAccessFile.seek(J)V"
    ]
  }
]