[
  {
    "frequency": 3,
    "overriddenMethods": [
      "Ljava/net/HttpURLConnection.disconnect()V",
      "Ljava/net/HttpURLConnection.getErrorStream()Ljava/io/InputStream;",
      "Ljava/net/HttpURLConnection.getHeaderField(I)Ljava/lang/String;",
      "Ljava/net/HttpURLConnection.getHeaderFieldKey(I)Ljava/lang/String;",
      "Ljava/net/HttpURLConnection.getPermission()Ljava/security/Permission;",
      "Ljava/net/HttpURLConnection.getResponseCode()I",
      "Ljava/net/HttpURLConnection.getResponseMessage()Ljava/lang/String;",
      "Ljava/net/HttpURLConnection.setChunkedStreamingMode(I)V",
      "Ljava/net/HttpURLConnection.setRequestMethod(Ljava/lang/String;)V",
      "Ljava/net/HttpURLConnection.usingProxy()Z",
      "Ljava/net/URLConnection.addRequestProperty(Ljava/lang/String;Ljava/lang/String;)V",
      "Ljava/net/URLConnection.connect()V",
      "Ljava/net/URLConnection.getHeaderField(Ljava/lang/String;)Ljava/lang/String;",
      "Ljava/net/URLConnection.getHeaderFields()Ljava/util/Map;",
      "Ljava/net/URLConnection.getInputStream()Ljava/io/InputStream;",
      "Ljava/net/URLConnection.getOutputStream()Ljava/io/OutputStream;",
      "Ljava/net/URLConnection.setRequestProperty(Ljava/lang/String;Ljava/lang/String;)V"
    ]
  },
  {
    "frequency": 1,
    "overriddenMethods": [
      "Ljava/net/HttpURLConnection.getResponseMessage()Ljava/lang/String;",
      "Ljava/net/HttpURLConnection.setFixedLengthStreamingMode(I)V",
      "Ljava/net/HttpURLConnection.setFixedLengthStreamingMode(J)V",
      "Ljava/net/HttpURLConnection.setRequestMethod(Ljava/lang/String;)V",
      "Ljava/net/URLConnection.getConnectTimeout()I",
      "Ljava/net/URLConnection.getReadTimeout()I",
      "Ljava/net/URLConnection.setConnectTimeout(I)V",
      "Ljava/net/URLConnection.setIfModifiedSince(J)V",
      "Ljava/net/URLConnection.setReadTimeout(I)V"
    ]
  },
  {
    "frequency": 1,
    "overriddenMethods": [
      "Ljava/lang/Object.equals(Ljava/lang/Object;)Z",
      "Ljava/lang/Object.hashCode()I",
      "Ljava/net/HttpURLConnection.disconnect()V",
      "Ljava/net/HttpURLConnection.getErrorStream()Ljava/io/InputStream;",
      "Ljava/net/HttpURLConnection.getHeaderField(I)Ljava/lang/String;",
      "Ljava/net/HttpURLConnection.getHeaderFieldDate(Ljava/lang/String;J)J",
      "Ljava/net/HttpURLConnection.getHeaderFieldKey(I)Ljava/lang/String;",
      "Ljava/net/HttpURLConnection.getInstanceFollowRedirects()Z",
      "Ljava/net/HttpURLConnection.getPermission()Ljava/security/Permission;",
      "Ljava/net/HttpURLConnection.getRequestMethod()Ljava/lang/String;",
      "Ljava/net/HttpURLConnection.getResponseCode()I",
      "Ljava/net/HttpURLConnection.getResponseMessage()Ljava/lang/String;",
      "Ljava/net/HttpURLConnection.setChunkedStreamingMode(I)V",
      "Ljava/net/HttpURLConnection.setFixedLengthStreamingMode(I)V",
      "Ljava/net/HttpURLConnection.setInstanceFollowRedirects(Z)V",
      "Ljava/net/HttpURLConnection.setRequestMethod(Ljava/lang/String;)V",
      "Ljava/net/HttpURLConnection.usingProxy()Z",
      "Ljava/net/URLConnection.addRequestProperty(Ljava/lang/String;Ljava/lang/String;)V",
      "Ljava/net/URLConnection.connect()V",
      "Ljava/net/URLConnection.getAllowUserInteraction()Z",
      "Ljava/net/URLConnection.getConnectTimeout()I",
      "Ljava/net/URLConnection.getContent()Ljava/lang/Object;",
      "Ljava/net/URLConnection.getContent([Ljava/lang/Class;)Ljava/lang/Object;",
      "Ljava/net/URLConnection.getContentEncoding()Ljava/lang/String;",
      "Ljava/net/URLConnection.getContentLength()I",
      "Ljava/net/URLConnection.getContentType()Ljava/lang/String;",
      "Ljava/net/URLConnection.getDate()J",
      "Ljava/net/URLConnection.getDefaultUseCaches()Z",
      "Ljava/net/URLConnection.getDoInput()Z",
      "Ljava/net/URLConnection.getDoOutput()Z",
      "Ljava/net/URLConnection.getExpiration()J",
      "Ljava/net/URLConnection.getHeaderField(Ljava/lang/String;)Ljava/lang/String;",
      "Ljava/net/URLConnection.getHeaderFieldInt(Ljava/lang/String;I)I",
      "Ljava/net/URLConnection.getHeaderFields()Ljava/util/Map;",
      "Ljava/net/URLConnection.getIfModifiedSince()J",
      "Ljava/net/URLConnection.getInputStream()Ljava/io/InputStream;",
      "Ljava/net/URLConnection.getLastModified()J",
      "Ljava/net/URLConnection.getOutputStream()Ljava/io/OutputStream;",
      "Ljava/net/URLConnection.getReadTimeout()I",
      "Ljava/net/URLConnection.getRequestProperties()Ljava/util/Map;",
      "Ljava/net/URLConnection.getRequestProperty(Ljava/lang/String;)Ljava/lang/String;",
      "Ljava/net/URLConnection.getURL()Ljava/net/URL;",
      "Ljava/net/URLConnection.getUseCaches()Z",
      "Ljava/net/URLConnection.setAllowUserInteraction(Z)V",
      "Ljava/net/URLConnection.setConnectTimeout(I)V",
      "Ljava/net/URLConnection.setDefaultUseCaches(Z)V",
      "Ljava/net/URLConnection.setDoInput(Z)V",
      "Ljava/net/URLConnection.setDoOutput(Z)V",
      "Ljava/net/URLConnection.setIfModifiedSince(J)V",
      "Ljava/net/URLConnection.setReadTimeout(I)V",
      "Ljava/net/URLConnection.setRequestProperty(Ljava/lang/String;Ljava/lang/String;)V",
      "Ljava/net/URLConnection.setUseCaches(Z)V",
      "Ljava/net/URLConnection.toString()Ljava/lang/String;"
    ]
  },
  {
    "frequency": 1,
    "overriddenMethods": [
      "Ljava/net/HttpURLConnection.disconnect()V",
      "Ljava/net/HttpURLConnection.getResponseCode()I",
      "Ljava/net/HttpURLConnection.usingProxy()Z",
      "Ljava/net/URLConnection.connect()V",
      "Ljava/net/URLConnection.getOutputStream()Ljava/io/OutputStream;",
      "Ljava/net/URLConnection.setDoOutput(Z)V"
    ]
  },
  {
    "frequency": 1,
    "overriddenMethods": [
      "Ljava/net/HttpURLConnection.disconnect()V",
      "Ljava/net/HttpURLConnection.getErrorStream()Ljava/io/InputStream;",
      "Ljava/net/HttpURLConnection.getHeaderField(I)Ljava/lang/String;",
      "Ljava/net/HttpURLConnection.getHeaderFieldKey(I)Ljava/lang/String;",
      "Ljava/net/HttpURLConnection.getInstanceFollowRedirects()Z",
      "Ljava/net/HttpURLConnection.getRequestMethod()Ljava/lang/String;",
      "Ljava/net/HttpURLConnection.getResponseCode()I",
      "Ljava/net/HttpURLConnection.getResponseMessage()Ljava/lang/String;",
      "Ljava/net/HttpURLConnection.setChunkedStreamingMode(I)V",
      "Ljava/net/HttpURLConnection.setFixedLengthStreamingMode(I)V",
      "Ljava/net/HttpURLConnection.setFixedLengthStreamingMode(J)V",
      "Ljava/net/HttpURLConnection.setInstanceFollowRedirects(Z)V",
      "Ljava/net/HttpURLConnection.setRequestMethod(Ljava/lang/String;)V",
      "Ljava/net/HttpURLConnection.usingProxy()Z",
      "Ljava/net/URLConnection.addRequestProperty(Ljava/lang/String;Ljava/lang/String;)V",
      "Ljava/net/URLConnection.connect()V",
      "Ljava/net/URLConnection.getAllowUserInteraction()Z",
      "Ljava/net/URLConnection.getConnectTimeout()I",
      "Ljava/net/URLConnection.getContent()Ljava/lang/Object;",
      "Ljava/net/URLConnection.getContent([Ljava/lang/Class;)Ljava/lang/Object;",
      "Ljava/net/URLConnection.getDefaultUseCaches()Z",
      "Ljava/net/URLConnection.getDoInput()Z",
      "Ljava/net/URLConnection.getDoOutput()Z",
      "Ljava/net/URLConnection.getHeaderField(Ljava/lang/String;)Ljava/lang/String;",
      "Ljava/net/URLConnection.getHeaderFields()Ljava/util/Map;",
      "Ljava/net/URLConnection.getIfModifiedSince()J",
      "Ljava/net/URLConnection.getInputStream()Ljava/io/InputStream;",
      "Ljava/net/URLConnection.getOutputStream()Ljava/io/OutputStream;",
      "Ljava/net/URLConnection.getReadTimeout()I",
      "Ljava/net/URLConnection.getRequestProperties()Ljava/util/Map;",
      "Ljava/net/URLConnection.getRequestProperty(Ljava/lang/String;)Ljava/lang/String;",
      "Ljava/net/URLConnection.getUseCaches()Z",
      "Ljava/net/URLConnection.setAllowUserInteraction(Z)V",
      "Ljava/net/URLConnection.setConnectTimeout(I)V",
      "Ljava/net/URLConnection.setDefaultUseCaches(Z)V",
      "Ljava/net/URLConnection.setDoInput(Z)V",
      "Ljava/net/URLConnection.setDoOutput(Z)V",
      "Ljava/net/URLConnection.setIfModifiedSince(J)V",
      "Ljava/net/URLConnection.setReadTimeout(I)V",
      "Ljava/net/URLConnection.setRequestProperty(Ljava/lang/String;Ljava/lang/String;)V",
      "Ljava/net/URLConnection.setUseCaches(Z)V"
    ]
  },
  {
    "frequency": 26,
    "overriddenMethods": [
      "Ljava/net/HttpURLConnection.disconnect()V",
      "Ljava/net/HttpURLConnection.getErrorStream()Ljava/io/InputStream;",
      "Ljava/net/HttpURLConnection.getHeaderField(I)Ljava/lang/String;",
      "Ljava/net/HttpURLConnection.getHeaderFieldKey(I)Ljava/lang/String;",
      "Ljava/net/HttpURLConnection.getInstanceFollowRedirects()Z",
      "Ljava/net/HttpURLConnection.getPermission()Ljava/security/Permission;",
      "Ljava/net/HttpURLConnection.getRequestMethod()Ljava/lang/String;",
      "Ljava/net/HttpURLConnection.getResponseCode()I",
      "Ljava/net/HttpURLConnection.getResponseMessage()Ljava/lang/String;",
      "Ljava/net/HttpURLConnection.setInstanceFollowRedirects(Z)V",
      "Ljava/net/HttpURLConnection.setRequestMethod(Ljava/lang/String;)V",
      "Ljava/net/HttpURLConnection.usingProxy()Z",
      "Ljava/net/URLConnection.connect()V",
      "Ljava/net/URLConnection.getAllowUserInteraction()Z",
      "Ljava/net/URLConnection.getContent()Ljava/lang/Object;",
      "Ljava/net/URLConnection.getContent([Ljava/lang/Class;)Ljava/lang/Object;",
      "Ljava/net/URLConnection.getDefaultUseCaches()Z",
      "Ljava/net/URLConnection.getDoInput()Z",
      "Ljava/net/URLConnection.getDoOutput()Z",
      "Ljava/net/URLConnection.getHeaderField(Ljava/lang/String;)Ljava/lang/String;",
      "Ljava/net/URLConnection.getIfModifiedSince()J",
      "Ljava/net/URLConnection.getInputStream()Ljava/io/InputStream;",
      "Ljava/net/URLConnection.getOutputStream()Ljava/io/OutputStream;",
      "Ljava/net/URLConnection.getRequestProperty(Ljava/lang/String;)Ljava/lang/String;",
      "Ljava/net/URLConnection.getURL()Ljava/net/URL;",
      "Ljava/net/URLConnection.getUseCaches()Z",
      "Ljava/net/URLConnection.setAllowUserInteraction(Z)V",
      "Ljava/net/URLConnection.setDefaultUseCaches(Z)V",
      "Ljava/net/URLConnection.setDoInput(Z)V",
      "Ljava/net/URLConnection.setDoOutput(Z)V",
      "Ljava/net/URLConnection.setIfModifiedSince(J)V",
      "Ljava/net/URLConnection.setRequestProperty(Ljava/lang/String;Ljava/lang/String;)V",
      "Ljava/net/URLConnection.setUseCaches(Z)V"
    ]
  }
]