[
  {
    "frequency": 2,
    "overriddenMethods": []
  },
  {
    "frequency": 1,
    "overriddenMethods": [
      "Ljavax/management/StandardMBean.getDescription(Ljavax/management/MBeanAttributeInfo;)Ljava/lang/String;",
      "Ljavax/management/StandardMBean.getDescription(Ljavax/management/MBeanInfo;)Ljava/lang/String;",
      "Ljavax/management/StandardMBean.getDescription(Ljavax/management/MBeanOperationInfo;)Ljava/lang/String;",
      "Ljavax/management/StandardMBean.getImpact(Ljavax/management/MBeanOperationInfo;)I"
    ]
  },
  {
    "frequency": 8,
    "overriddenMethods": [
      "Ljavax/management/StandardMBean.getClassName(Ljavax/management/MBeanInfo;)Ljava/lang/String;"
    ]
  },
  {
    "frequency": 1,
    "overriddenMethods": [
      "Ljavax/management/StandardMBean.getDescription(Ljavax/management/MBeanAttributeInfo;)Ljava/lang/String;",
      "Ljavax/management/StandardMBean.getDescription(Ljavax/management/MBeanConstructorInfo;)Ljava/lang/String;",
      "Ljavax/management/StandardMBean.getDescription(Ljavax/management/MBeanInfo;)Ljava/lang/String;"
    ]
  },
  {
    "frequency": 1,
    "overriddenMethods": [
      "Ljavax/management/StandardMBean.getMBeanInfo()Ljavax/management/MBeanInfo;"
    ]
  },
  {
    "frequency": 1,
    "overriddenMethods": [
      "Ljavax/management/StandardMBean.cacheMBeanInfo(Ljavax/management/MBeanInfo;)V",
      "Ljavax/management/StandardMBean.getCachedMBeanInfo()Ljavax/management/MBeanInfo;",
      "Ljavax/management/StandardMBean.getConstructors([Ljavax/management/MBeanConstructorInfo;Ljava/lang/Object;)[Ljavax/management/MBeanConstructorInfo;",
      "Ljavax/management/StandardMBean.getDescription(Ljavax/management/MBeanAttributeInfo;)Ljava/lang/String;",
      "Ljavax/management/StandardMBean.getDescription(Ljavax/management/MBeanConstructorInfo;)Ljava/lang/String;",
      "Ljavax/management/StandardMBean.getDescription(Ljavax/management/MBeanConstructorInfo;Ljavax/management/MBeanParameterInfo;I)Ljava/lang/String;",
      "Ljavax/management/StandardMBean.getDescription(Ljavax/management/MBeanInfo;)Ljava/lang/String;",
      "Ljavax/management/StandardMBean.getDescription(Ljavax/management/MBeanOperationInfo;)Ljava/lang/String;",
      "Ljavax/management/StandardMBean.getDescription(Ljavax/management/MBeanOperationInfo;Ljavax/management/MBeanParameterInfo;I)Ljava/lang/String;",
      "Ljavax/management/StandardMBean.getParameterName(Ljavax/management/MBeanConstructorInfo;Ljavax/management/MBeanParameterInfo;I)Ljava/lang/String;",
      "Ljavax/management/StandardMBean.getParameterName(Ljavax/management/MBeanOperationInfo;Ljavax/management/MBeanParameterInfo;I)Ljava/lang/String;"
    ]
  }
]