[
  {
    "frequency": 61,
    "overriddenMethods": []
  },
  {
    "frequency": 1,
    "overriddenMethods": [
      "Ljava/security/BasicPermission.implies(Ljava/security/Permission;)Z"
    ]
  },
  {
    "frequency": 1,
    "overriddenMethods": [
      "Ljava/security/BasicPermission.getActions()Ljava/lang/String;",
      "Ljava/security/BasicPermission.implies(Ljava/security/Permission;)Z"
    ]
  },
  {
    "frequency": 2,
    "overriddenMethods": [
      "Ljava/security/BasicPermission.equals(Ljava/lang/Object;)Z",
      "Ljava/security/BasicPermission.getActions()Ljava/lang/String;",
      "Ljava/security/BasicPermission.hashCode()I",
      "Ljava/security/BasicPermission.implies(Ljava/security/Permission;)Z"
    ]
  },
  {
    "frequency": 1,
    "overriddenMethods": [
      "Ljava/security/BasicPermission.implies(Ljava/security/Permission;)Z",
      "Ljava/security/BasicPermission.newPermissionCollection()Ljava/security/PermissionCollection;",
      "Ljava/security/Permission.toString()Ljava/lang/String;"
    ]
  },
  {
    "frequency": 1,
    "overriddenMethods": [
      "Ljava/security/BasicPermission.equals(Ljava/lang/Object;)Z",
      "Ljava/security/BasicPermission.getActions()Ljava/lang/String;",
      "Ljava/security/BasicPermission.hashCode()I",
      "Ljava/security/BasicPermission.implies(Ljava/security/Permission;)Z",
      "Ljava/security/BasicPermission.newPermissionCollection()Ljava/security/PermissionCollection;",
      "Ljava/security/Permission.toString()Ljava/lang/String;"
    ]
  },
  {
    "frequency": 17,
    "overriddenMethods": [
      "Ljava/security/BasicPermission.equals(Ljava/lang/Object;)Z",
      "Ljava/security/BasicPermission.getActions()Ljava/lang/String;",
      "Ljava/security/BasicPermission.hashCode()I",
      "Ljava/security/BasicPermission.implies(Ljava/security/Permission;)Z",
      "Ljava/security/BasicPermission.newPermissionCollection()Ljava/security/PermissionCollection;"
    ]
  },
  {
    "frequency": 8,
    "overriddenMethods": [
      "Ljava/security/BasicPermission.equals(Ljava/lang/Object;)Z",
      "Ljava/security/BasicPermission.getActions()Ljava/lang/String;",
      "Ljava/security/BasicPermission.implies(Ljava/security/Permission;)Z"
    ]
  },
  {
    "frequency": 2,
    "overriddenMethods": [
      "Ljava/security/BasicPermission.getActions()Ljava/lang/String;",
      "Ljava/security/BasicPermission.implies(Ljava/security/Permission;)Z",
      "Ljava/security/BasicPermission.init(Ljava/lang/String;)V",
      "Ljava/security/BasicPermission.newPermissionCollection()Ljava/security/PermissionCollection;"
    ]
  }
]