[
  {
    "frequency": 72,
    "overriddenMethods": []
  },
  {
    "frequency": 4,
    "overriddenMethods": [
      "Ljava/lang/Throwable.getMessage()Ljava/lang/String;",
      "Ljava/lang/Throwable.printStackTrace()V",
      "Ljava/lang/Throwable.printStackTrace(Ljava/io/PrintStream;)V",
      "Ljava/lang/Throwable.printStackTrace(Ljava/io/PrintWriter;)V",
      "Ljava/lang/Throwable.toString()Ljava/lang/String;"
    ]
  },
  {
    "frequency": 10,
    "overriddenMethods": [
      "Ljava/lang/Throwable.toString()Ljava/lang/String;"
    ]
  },
  {
    "frequency": 8,
    "overriddenMethods": [
      "Ljava/lang/Throwable.getMessage()Ljava/lang/String;",
      "Ljava/sql/SQLException.getSQLState()Ljava/lang/String;"
    ]
  },
  {
    "frequency": 1,
    "overriddenMethods": [
      "Ljava/lang/Throwable.getMessage()Ljava/lang/String;",
      "Ljava/sql/SQLException.getErrorCode()I",
      "Ljava/sql/SQLException.getSQLState()Ljava/lang/String;"
    ]
  },
  {
    "frequency": 1,
    "overriddenMethods": [
      "Ljava/lang/Throwable.getCause()Ljava/lang/Throwable;",
      "Ljava/lang/Throwable.getMessage()Ljava/lang/String;",
      "Ljava/lang/Throwable.printStackTrace()V",
      "Ljava/lang/Throwable.printStackTrace(Ljava/io/PrintStream;)V",
      "Ljava/lang/Throwable.printStackTrace(Ljava/io/PrintWriter;)V"
    ]
  },
  {
    "frequency": 1,
    "overriddenMethods": [
      "Ljava/lang/Throwable.getCause()Ljava/lang/Throwable;"
    ]
  },
  {
    "frequency": 1,
    "overriddenMethods": [
      "Ljava/lang/Throwable.fillInStackTrace()Ljava/lang/Throwable;",
      "Ljava/lang/Throwable.getCause()Ljava/lang/Throwable;",
      "Ljava/lang/Throwable.getMessage()Ljava/lang/String;",
      "Ljava/lang/Throwable.getStackTrace()[Ljava/lang/StackTraceElement;",
      "Ljava/lang/Throwable.printStackTrace()V",
      "Ljava/lang/Throwable.printStackTrace(Ljava/io/PrintWriter;)V"
    ]
  },
  {
    "frequency": 2,
    "overriddenMethods": [
      "Ljava/lang/Throwable.getCause()Ljava/lang/Throwable;",
      "Ljava/lang/Throwable.printStackTrace(Ljava/io/PrintStream;)V",
      "Ljava/lang/Throwable.printStackTrace(Ljava/io/PrintWriter;)V"
    ]
  }
]