[
  {
    "frequency": 1,
    "overriddenMethods": [
      "Ljavax/xml/transform/Transformer.clearParameters()V",
      "Ljavax/xml/transform/Transformer.getErrorListener()Ljavax/xml/transform/ErrorListener;",
      "Ljavax/xml/transform/Transformer.getOutputProperties()Ljava/util/Properties;",
      "Ljavax/xml/transform/Transformer.getOutputProperty(Ljava/lang/String;)Ljava/lang/String;",
      "Ljavax/xml/transform/Transformer.getParameter(Ljava/lang/String;)Ljava/lang/Object;",
      "Ljavax/xml/transform/Transformer.getURIResolver()Ljavax/xml/transform/URIResolver;",
      "Ljavax/xml/transform/Transformer.setErrorListener(Ljavax/xml/transform/ErrorListener;)V",
      "Ljavax/xml/transform/Transformer.setOutputProperties(Ljava/util/Properties;)V",
      "Ljavax/xml/transform/Transformer.setOutputProperty(Ljava/lang/String;Ljava/lang/String;)V",
      "Ljavax/xml/transform/Transformer.setParameter(Ljava/lang/String;Ljava/lang/Object;)V",
      "Ljavax/xml/transform/Transformer.setURIResolver(Ljavax/xml/transform/URIResolver;)V",
      "Ljavax/xml/transform/Transformer.transform(Ljavax/xml/transform/Source;Ljavax/xml/transform/Result;)V"
    ]
  },
  {
    "frequency": 13,
    "overriddenMethods": [
      "Ljavax/xml/transform/Transformer.clearParameters()V",
      "Ljavax/xml/transform/Transformer.getErrorListener()Ljavax/xml/transform/ErrorListener;",
      "Ljavax/xml/transform/Transformer.getOutputProperties()Ljava/util/Properties;",
      "Ljavax/xml/transform/Transformer.getOutputProperty(Ljava/lang/String;)Ljava/lang/String;",
      "Ljavax/xml/transform/Transformer.getURIResolver()Ljavax/xml/transform/URIResolver;",
      "Ljavax/xml/transform/Transformer.reset()V",
      "Ljavax/xml/transform/Transformer.setErrorListener(Ljavax/xml/transform/ErrorListener;)V",
      "Ljavax/xml/transform/Transformer.setOutputProperties(Ljava/util/Properties;)V",
      "Ljavax/xml/transform/Transformer.setOutputProperty(Ljava/lang/String;Ljava/lang/String;)V",
      "Ljavax/xml/transform/Transformer.setParameter(Ljava/lang/String;Ljava/lang/Object;)V",
      "Ljavax/xml/transform/Transformer.setURIResolver(Ljavax/xml/transform/URIResolver;)V",
      "Ljavax/xml/transform/Transformer.transform(Ljavax/xml/transform/Source;Ljavax/xml/transform/Result;)V"
    ]
  },
  {
    "frequency": 36,
    "overriddenMethods": [
      "Ljavax/xml/transform/Transformer.clearParameters()V",
      "Ljavax/xml/transform/Transformer.getErrorListener()Ljavax/xml/transform/ErrorListener;",
      "Ljavax/xml/transform/Transformer.getOutputProperties()Ljava/util/Properties;",
      "Ljavax/xml/transform/Transformer.getOutputProperty(Ljava/lang/String;)Ljava/lang/String;",
      "Ljavax/xml/transform/Transformer.getParameter(Ljava/lang/String;)Ljava/lang/Object;",
      "Ljavax/xml/transform/Transformer.getURIResolver()Ljavax/xml/transform/URIResolver;",
      "Ljavax/xml/transform/Transformer.reset()V",
      "Ljavax/xml/transform/Transformer.setErrorListener(Ljavax/xml/transform/ErrorListener;)V",
      "Ljavax/xml/transform/Transformer.setOutputProperties(Ljava/util/Properties;)V",
      "Ljavax/xml/transform/Transformer.setOutputProperty(Ljava/lang/String;Ljava/lang/String;)V",
      "Ljavax/xml/transform/Transformer.setParameter(Ljava/lang/String;Ljava/lang/Object;)V",
      "Ljavax/xml/transform/Transformer.setURIResolver(Ljavax/xml/transform/URIResolver;)V",
      "Ljavax/xml/transform/Transformer.transform(Ljavax/xml/transform/Source;Ljavax/xml/transform/Result;)V"
    ]
  }
]