[
  {
    "frequency": 7,
    "overriddenMethods": [
      "Ljava/lang/Object.clone()Ljava/lang/Object;",
      "Ljava/util/AbstractCollection.addAll(Ljava/util/Collection;)Z",
      "Ljava/util/AbstractCollection.contains(Ljava/lang/Object;)Z",
      "Ljava/util/AbstractCollection.isEmpty()Z",
      "Ljava/util/AbstractCollection.remove(Ljava/lang/Object;)Z",
      "Ljava/util/AbstractCollection.size()I",
      "Ljava/util/AbstractCollection.toArray()[Ljava/lang/Object;",
      "Ljava/util/AbstractCollection.toArray([Ljava/lang/Object;)[Ljava/lang/Object;",
      "Ljava/util/AbstractList.add(Ljava/lang/Object;)Z",
      "Ljava/util/AbstractList.clear()V",
      "Ljava/util/AbstractList.indexOf(Ljava/lang/Object;)I",
      "Ljava/util/AbstractList.lastIndexOf(Ljava/lang/Object;)I",
      "Ljava/util/AbstractList.listIterator()Ljava/util/ListIterator;",
      "Ljava/util/AbstractSequentialList.add(ILjava/lang/Object;)V",
      "Ljava/util/AbstractSequentialList.addAll(ILjava/util/Collection;)Z",
      "Ljava/util/AbstractSequentialList.get(I)Ljava/lang/Object;",
      "Ljava/util/AbstractSequentialList.listIterator(I)Ljava/util/ListIterator;",
      "Ljava/util/AbstractSequentialList.remove(I)Ljava/lang/Object;",
      "Ljava/util/AbstractSequentialList.set(ILjava/lang/Object;)Ljava/lang/Object;"
    ]
  },
  {
    "frequency": 3,
    "overriddenMethods": [
      "Ljava/util/AbstractCollection.size()I",
      "Ljava/util/AbstractCollection.toString()Ljava/lang/String;",
      "Ljava/util/AbstractSequentialList.get(I)Ljava/lang/Object;",
      "Ljava/util/AbstractSequentialList.listIterator(I)Ljava/util/ListIterator;"
    ]
  },
  {
    "frequency": 1,
    "overriddenMethods": [
      "Ljava/util/AbstractCollection.size()I",
      "Ljava/util/AbstractList.add(Ljava/lang/Object;)Z",
      "Ljava/util/AbstractList.clear()V",
      "Ljava/util/AbstractSequentialList.listIterator(I)Ljava/util/ListIterator;"
    ]
  },
  {
    "frequency": 31,
    "overriddenMethods": [
      "Ljava/util/AbstractCollection.size()I",
      "Ljava/util/AbstractList.clear()V",
      "Ljava/util/AbstractSequentialList.listIterator(I)Ljava/util/ListIterator;"
    ]
  },
  {
    "frequency": 43,
    "overriddenMethods": [
      "Ljava/util/AbstractCollection.size()I",
      "Ljava/util/AbstractSequentialList.listIterator(I)Ljava/util/ListIterator;"
    ]
  },
  {
    "frequency": 1,
    "overriddenMethods": [
      "Ljava/util/AbstractCollection.contains(Ljava/lang/Object;)Z",
      "Ljava/util/AbstractCollection.remove(Ljava/lang/Object;)Z",
      "Ljava/util/AbstractCollection.size()I",
      "Ljava/util/AbstractSequentialList.listIterator(I)Ljava/util/ListIterator;"
    ]
  },
  {
    "frequency": 4,
    "overriddenMethods": [
      "Ljava/util/AbstractCollection.isEmpty()Z",
      "Ljava/util/AbstractCollection.size()I",
      "Ljava/util/AbstractSequentialList.iterator()Ljava/util/Iterator;",
      "Ljava/util/AbstractSequentialList.listIterator(I)Ljava/util/ListIterator;"
    ]
  },
  {
    "frequency": 3,
    "overriddenMethods": [
      "Ljava/util/AbstractCollection.contains(Ljava/lang/Object;)Z",
      "Ljava/util/AbstractCollection.remove(Ljava/lang/Object;)Z",
      "Ljava/util/AbstractCollection.size()I",
      "Ljava/util/AbstractCollection.toArray()[Ljava/lang/Object;",
      "Ljava/util/AbstractList.add(Ljava/lang/Object;)Z",
      "Ljava/util/AbstractList.clear()V",
      "Ljava/util/AbstractSequentialList.add(ILjava/lang/Object;)V",
      "Ljava/util/AbstractSequentialList.listIterator(I)Ljava/util/ListIterator;"
    ]
  },
  {
    "frequency": 28,
    "overriddenMethods": [
      "Ljava/util/AbstractCollection.removeAll(Ljava/util/Collection;)Z",
      "Ljava/util/AbstractCollection.retainAll(Ljava/util/Collection;)Z",
      "Ljava/util/AbstractCollection.size()I",
      "Ljava/util/AbstractSequentialList.listIterator(I)Ljava/util/ListIterator;"
    ]
  },
  {
    "frequency": 1,
    "overriddenMethods": [
      "Ljava/util/AbstractCollection.size()I",
      "Ljava/util/AbstractList.add(Ljava/lang/Object;)Z",
      "Ljava/util/AbstractSequentialList.get(I)Ljava/lang/Object;",
      "Ljava/util/AbstractSequentialList.listIterator(I)Ljava/util/ListIterator;"
    ]
  }
]