[
  {
    "frequency": 70,
    "overriddenMethods": [
      "Ljava/util/AbstractCollection.contains(Ljava/lang/Object;)Z",
      "Ljava/util/AbstractCollection.iterator()Ljava/util/Iterator;",
      "Ljava/util/AbstractCollection.size()I"
    ]
  },
  {
    "frequency": 27,
    "overriddenMethods": []
  },
  {
    "frequency": 3,
    "overriddenMethods": [
      "Ljava/util/AbstractCollection.add(Ljava/lang/Object;)Z",
      "Ljava/util/AbstractCollection.addAll(Ljava/util/Collection;)Z",
      "Ljava/util/AbstractCollection.clear()V",
      "Ljava/util/AbstractCollection.contains(Ljava/lang/Object;)Z",
      "Ljava/util/AbstractCollection.iterator()Ljava/util/Iterator;",
      "Ljava/util/AbstractCollection.remove(Ljava/lang/Object;)Z",
      "Ljava/util/AbstractCollection.size()I",
      "Ljava/util/AbstractSet.hashCode()I",
      "Ljava/util/AbstractSet.removeAll(Ljava/util/Collection;)Z"
    ]
  },
  {
    "frequency": 41,
    "overriddenMethods": [
      "Ljava/util/AbstractCollection.add(Ljava/lang/Object;)Z",
      "Ljava/util/AbstractCollection.clear()V",
      "Ljava/util/AbstractCollection.contains(Ljava/lang/Object;)Z",
      "Ljava/util/AbstractCollection.containsAll(Ljava/util/Collection;)Z",
      "Ljava/util/AbstractCollection.isEmpty()Z",
      "Ljava/util/AbstractCollection.iterator()Ljava/util/Iterator;",
      "Ljava/util/AbstractCollection.remove(Ljava/lang/Object;)Z",
      "Ljava/util/AbstractCollection.retainAll(Ljava/util/Collection;)Z",
      "Ljava/util/AbstractCollection.size()I",
      "Ljava/util/AbstractCollection.toArray()[Ljava/lang/Object;",
      "Ljava/util/AbstractCollection.toArray([Ljava/lang/Object;)[Ljava/lang/Object;",
      "Ljava/util/AbstractCollection.toString()Ljava/lang/String;",
      "Ljava/util/AbstractSet.equals(Ljava/lang/Object;)Z",
      "Ljava/util/AbstractSet.hashCode()I",
      "Ljava/util/AbstractSet.removeAll(Ljava/util/Collection;)Z"
    ]
  },
  {
    "frequency": 12,
    "overriddenMethods": [
      "Ljava/util/AbstractCollection.add(Ljava/lang/Object;)Z",
      "Ljava/util/AbstractCollection.clear()V",
      "Ljava/util/AbstractCollection.contains(Ljava/lang/Object;)Z",
      "Ljava/util/AbstractCollection.isEmpty()Z",
      "Ljava/util/AbstractCollection.iterator()Ljava/util/Iterator;",
      "Ljava/util/AbstractCollection.remove(Ljava/lang/Object;)Z",
      "Ljava/util/AbstractCollection.size()I",
      "Ljava/util/AbstractCollection.toArray()[Ljava/lang/Object;",
      "Ljava/util/AbstractCollection.toArray([Ljava/lang/Object;)[Ljava/lang/Object;"
    ]
  },
  {
    "frequency": 11,
    "overriddenMethods": [
      "Ljava/util/AbstractCollection.clear()V",
      "Ljava/util/AbstractCollection.contains(Ljava/lang/Object;)Z",
      "Ljava/util/AbstractCollection.isEmpty()Z",
      "Ljava/util/AbstractCollection.iterator()Ljava/util/Iterator;",
      "Ljava/util/AbstractCollection.remove(Ljava/lang/Object;)Z",
      "Ljava/util/AbstractCollection.size()I",
      "Ljava/util/AbstractCollection.toArray()[Ljava/lang/Object;",
      "Ljava/util/AbstractCollection.toArray([Ljava/lang/Object;)[Ljava/lang/Object;",
      "Ljava/util/AbstractSet.hashCode()I"
    ]
  },
  {
    "frequency": 3,
    "overriddenMethods": [
      "Ljava/util/AbstractCollection.add(Ljava/lang/Object;)Z",
      "Ljava/util/AbstractCollection.addAll(Ljava/util/Collection;)Z",
      "Ljava/util/AbstractCollection.clear()V",
      "Ljava/util/AbstractCollection.contains(Ljava/lang/Object;)Z",
      "Ljava/util/AbstractCollection.iterator()Ljava/util/Iterator;",
      "Ljava/util/AbstractCollection.remove(Ljava/lang/Object;)Z",
      "Ljava/util/AbstractCollection.size()I",
      "Ljava/util/AbstractCollection.toArray()[Ljava/lang/Object;",
      "Ljava/util/AbstractCollection.toArray([Ljava/lang/Object;)[Ljava/lang/Object;"
    ]
  },
  {
    "frequency": 2,
    "overriddenMethods": [
      "Ljava/util/AbstractCollection.add(Ljava/lang/Object;)Z",
      "Ljava/util/AbstractCollection.contains(Ljava/lang/Object;)Z",
      "Ljava/util/AbstractCollection.iterator()Ljava/util/Iterator;",
      "Ljava/util/AbstractCollection.remove(Ljava/lang/Object;)Z",
      "Ljava/util/AbstractCollection.size()I"
    ]
  },
  {
    "frequency": 6,
    "overriddenMethods": [
      "Ljava/util/AbstractCollection.clear()V",
      "Ljava/util/AbstractCollection.isEmpty()Z",
      "Ljava/util/AbstractCollection.iterator()Ljava/util/Iterator;",
      "Ljava/util/AbstractCollection.size()I"
    ]
  },
  {
    "frequency": 1,
    "overriddenMethods": [
      "Ljava/lang/Object.clone()Ljava/lang/Object;",
      "Ljava/util/AbstractCollection.add(Ljava/lang/Object;)Z",
      "Ljava/util/AbstractCollection.addAll(Ljava/util/Collection;)Z",
      "Ljava/util/AbstractCollection.clear()V",
      "Ljava/util/AbstractCollection.contains(Ljava/lang/Object;)Z",
      "Ljava/util/AbstractCollection.containsAll(Ljava/util/Collection;)Z",
      "Ljava/util/AbstractCollection.isEmpty()Z",
      "Ljava/util/AbstractCollection.iterator()Ljava/util/Iterator;",
      "Ljava/util/AbstractCollection.remove(Ljava/lang/Object;)Z",
      "Ljava/util/AbstractCollection.size()I",
      "Ljava/util/AbstractSet.equals(Ljava/lang/Object;)Z",
      "Ljava/util/AbstractSet.hashCode()I"
    ]
  },
  {
    "frequency": 5,
    "overriddenMethods": [
      "Ljava/util/AbstractCollection.add(Ljava/lang/Object;)Z",
      "Ljava/util/AbstractCollection.clear()V",
      "Ljava/util/AbstractCollection.contains(Ljava/lang/Object;)Z",
      "Ljava/util/AbstractCollection.isEmpty()Z",
      "Ljava/util/AbstractCollection.iterator()Ljava/util/Iterator;",
      "Ljava/util/AbstractCollection.remove(Ljava/lang/Object;)Z",
      "Ljava/util/AbstractCollection.size()I"
    ]
  },
  {
    "frequency": 1,
    "overriddenMethods": [
      "Ljava/util/AbstractCollection.add(Ljava/lang/Object;)Z",
      "Ljava/util/AbstractCollection.clear()V",
      "Ljava/util/AbstractCollection.contains(Ljava/lang/Object;)Z",
      "Ljava/util/AbstractCollection.iterator()Ljava/util/Iterator;",
      "Ljava/util/AbstractCollection.size()I",
      "Ljava/util/AbstractCollection.toString()Ljava/lang/String;"
    ]
  },
  {
    "frequency": 16,
    "overriddenMethods": [
      "Ljava/util/AbstractCollection.clear()V",
      "Ljava/util/AbstractCollection.contains(Ljava/lang/Object;)Z",
      "Ljava/util/AbstractCollection.iterator()Ljava/util/Iterator;",
      "Ljava/util/AbstractCollection.remove(Ljava/lang/Object;)Z",
      "Ljava/util/AbstractCollection.retainAll(Ljava/util/Collection;)Z",
      "Ljava/util/AbstractCollection.size()I",
      "Ljava/util/AbstractCollection.toArray()[Ljava/lang/Object;",
      "Ljava/util/AbstractCollection.toArray([Ljava/lang/Object;)[Ljava/lang/Object;",
      "Ljava/util/AbstractSet.removeAll(Ljava/util/Collection;)Z"
    ]
  },
  {
    "frequency": 3,
    "overriddenMethods": [
      "Ljava/util/AbstractCollection.clear()V",
      "Ljava/util/AbstractCollection.contains(Ljava/lang/Object;)Z",
      "Ljava/util/AbstractCollection.iterator()Ljava/util/Iterator;",
      "Ljava/util/AbstractCollection.remove(Ljava/lang/Object;)Z",
      "Ljava/util/AbstractCollection.size()I",
      "Ljava/util/AbstractSet.hashCode()I",
      "Ljava/util/AbstractSet.removeAll(Ljava/util/Collection;)Z"
    ]
  },
  {
    "frequency": 6,
    "overriddenMethods": [
      "Ljava/util/AbstractCollection.add(Ljava/lang/Object;)Z",
      "Ljava/util/AbstractCollection.contains(Ljava/lang/Object;)Z",
      "Ljava/util/AbstractCollection.isEmpty()Z",
      "Ljava/util/AbstractCollection.iterator()Ljava/util/Iterator;",
      "Ljava/util/AbstractCollection.size()I"
    ]
  },
  {
    "frequency": 9,
    "overriddenMethods": [
      "Ljava/util/AbstractCollection.contains(Ljava/lang/Object;)Z",
      "Ljava/util/AbstractCollection.isEmpty()Z",
      "Ljava/util/AbstractCollection.iterator()Ljava/util/Iterator;",
      "Ljava/util/AbstractCollection.remove(Ljava/lang/Object;)Z",
      "Ljava/util/AbstractCollection.size()I"
    ]
  },
  {
    "frequency": 10,
    "overriddenMethods": [
      "Ljava/util/AbstractCollection.clear()V",
      "Ljava/util/AbstractCollection.contains(Ljava/lang/Object;)Z",
      "Ljava/util/AbstractCollection.iterator()Ljava/util/Iterator;",
      "Ljava/util/AbstractCollection.size()I"
    ]
  },
  {
    "frequency": 2,
    "overriddenMethods": [
      "Ljava/util/AbstractCollection.iterator()Ljava/util/Iterator;",
      "Ljava/util/AbstractCollection.size()I",
      "Ljava/util/AbstractCollection.toArray([Ljava/lang/Object;)[Ljava/lang/Object;"
    ]
  },
  {
    "frequency": 12,
    "overriddenMethods": [
      "Ljava/util/AbstractCollection.add(Ljava/lang/Object;)Z",
      "Ljava/util/AbstractCollection.clear()V",
      "Ljava/util/AbstractCollection.isEmpty()Z",
      "Ljava/util/AbstractCollection.iterator()Ljava/util/Iterator;",
      "Ljava/util/AbstractCollection.remove(Ljava/lang/Object;)Z",
      "Ljava/util/AbstractCollection.size()I",
      "Ljava/util/AbstractSet.equals(Ljava/lang/Object;)Z"
    ]
  },
  {
    "frequency": 2,
    "overriddenMethods": [
      "Ljava/lang/Object.toString()Ljava/lang/String;"
    ]
  },
  {
    "frequency": 7,
    "overriddenMethods": [
      "Ljava/util/AbstractCollection.add(Ljava/lang/Object;)Z",
      "Ljava/util/AbstractCollection.addAll(Ljava/util/Collection;)Z",
      "Ljava/util/AbstractCollection.clear()V",
      "Ljava/util/AbstractCollection.contains(Ljava/lang/Object;)Z",
      "Ljava/util/AbstractCollection.containsAll(Ljava/util/Collection;)Z",
      "Ljava/util/AbstractCollection.isEmpty()Z",
      "Ljava/util/AbstractCollection.iterator()Ljava/util/Iterator;",
      "Ljava/util/AbstractCollection.remove(Ljava/lang/Object;)Z",
      "Ljava/util/AbstractCollection.retainAll(Ljava/util/Collection;)Z",
      "Ljava/util/AbstractCollection.size()I",
      "Ljava/util/AbstractCollection.toArray()[Ljava/lang/Object;",
      "Ljava/util/AbstractCollection.toArray([Ljava/lang/Object;)[Ljava/lang/Object;",
      "Ljava/util/AbstractSet.equals(Ljava/lang/Object;)Z",
      "Ljava/util/AbstractSet.removeAll(Ljava/util/Collection;)Z"
    ]
  },
  {
    "frequency": 1,
    "overriddenMethods": [
      "Ljava/util/AbstractCollection.add(Ljava/lang/Object;)Z",
      "Ljava/util/AbstractCollection.clear()V",
      "Ljava/util/AbstractCollection.iterator()Ljava/util/Iterator;",
      "Ljava/util/AbstractCollection.size()I"
    ]
  },
  {
    "frequency": 12,
    "overriddenMethods": [
      "Ljava/util/AbstractCollection.clear()V",
      "Ljava/util/AbstractCollection.contains(Ljava/lang/Object;)Z",
      "Ljava/util/AbstractCollection.iterator()Ljava/util/Iterator;",
      "Ljava/util/AbstractCollection.remove(Ljava/lang/Object;)Z",
      "Ljava/util/AbstractCollection.size()I",
      "Ljava/util/AbstractCollection.toArray()[Ljava/lang/Object;"
    ]
  },
  {
    "frequency": 3,
    "overriddenMethods": [
      "Ljava/util/AbstractCollection.add(Ljava/lang/Object;)Z",
      "Ljava/util/AbstractCollection.addAll(Ljava/util/Collection;)Z",
      "Ljava/util/AbstractCollection.clear()V",
      "Ljava/util/AbstractCollection.contains(Ljava/lang/Object;)Z",
      "Ljava/util/AbstractCollection.containsAll(Ljava/util/Collection;)Z",
      "Ljava/util/AbstractCollection.isEmpty()Z",
      "Ljava/util/AbstractCollection.iterator()Ljava/util/Iterator;",
      "Ljava/util/AbstractCollection.remove(Ljava/lang/Object;)Z",
      "Ljava/util/AbstractCollection.size()I"
    ]
  },
  {
    "frequency": 1,
    "overriddenMethods": [
      "Ljava/util/AbstractCollection.isEmpty()Z",
      "Ljava/util/AbstractCollection.iterator()Ljava/util/Iterator;",
      "Ljava/util/AbstractCollection.remove(Ljava/lang/Object;)Z",
      "Ljava/util/AbstractCollection.size()I",
      "Ljava/util/AbstractSet.hashCode()I"
    ]
  },
  {
    "frequency": 39,
    "overriddenMethods": [
      "Ljava/util/AbstractCollection.clear()V",
      "Ljava/util/AbstractCollection.contains(Ljava/lang/Object;)Z",
      "Ljava/util/AbstractCollection.iterator()Ljava/util/Iterator;",
      "Ljava/util/AbstractCollection.remove(Ljava/lang/Object;)Z",
      "Ljava/util/AbstractCollection.size()I",
      "Ljava/util/AbstractCollection.toArray()[Ljava/lang/Object;",
      "Ljava/util/AbstractCollection.toArray([Ljava/lang/Object;)[Ljava/lang/Object;"
    ]
  },
  {
    "frequency": 2,
    "overriddenMethods": [
      "Ljava/util/AbstractCollection.add(Ljava/lang/Object;)Z",
      "Ljava/util/AbstractCollection.clear()V",
      "Ljava/util/AbstractCollection.contains(Ljava/lang/Object;)Z",
      "Ljava/util/AbstractCollection.isEmpty()Z",
      "Ljava/util/AbstractCollection.iterator()Ljava/util/Iterator;",
      "Ljava/util/AbstractCollection.remove(Ljava/lang/Object;)Z",
      "Ljava/util/AbstractCollection.size()I",
      "Ljava/util/AbstractCollection.toArray()[Ljava/lang/Object;",
      "Ljava/util/AbstractCollection.toArray([Ljava/lang/Object;)[Ljava/lang/Object;",
      "Ljava/util/AbstractCollection.toString()Ljava/lang/String;",
      "Ljava/util/AbstractSet.equals(Ljava/lang/Object;)Z",
      "Ljava/util/AbstractSet.hashCode()I"
    ]
  },
  {
    "frequency": 11,
    "overriddenMethods": [
      "Ljava/util/AbstractCollection.clear()V",
      "Ljava/util/AbstractCollection.contains(Ljava/lang/Object;)Z",
      "Ljava/util/AbstractCollection.isEmpty()Z",
      "Ljava/util/AbstractCollection.iterator()Ljava/util/Iterator;",
      "Ljava/util/AbstractCollection.size()I"
    ]
  },
  {
    "frequency": 2,
    "overriddenMethods": [
      "Ljava/lang/Object.clone()Ljava/lang/Object;",
      "Ljava/util/AbstractCollection.add(Ljava/lang/Object;)Z",
      "Ljava/util/AbstractCollection.iterator()Ljava/util/Iterator;",
      "Ljava/util/AbstractCollection.size()I"
    ]
  },
  {
    "frequency": 41,
    "overriddenMethods": [
      "Ljava/util/AbstractCollection.add(Ljava/lang/Object;)Z",
      "Ljava/util/AbstractCollection.clear()V",
      "Ljava/util/AbstractCollection.contains(Ljava/lang/Object;)Z",
      "Ljava/util/AbstractCollection.iterator()Ljava/util/Iterator;",
      "Ljava/util/AbstractCollection.remove(Ljava/lang/Object;)Z",
      "Ljava/util/AbstractCollection.size()I"
    ]
  },
  {
    "frequency": 26,
    "overriddenMethods": [
      "Ljava/util/AbstractCollection.contains(Ljava/lang/Object;)Z",
      "Ljava/util/AbstractCollection.isEmpty()Z",
      "Ljava/util/AbstractCollection.iterator()Ljava/util/Iterator;",
      "Ljava/util/AbstractCollection.size()I",
      "Ljava/util/AbstractCollection.toString()Ljava/lang/String;",
      "Ljava/util/AbstractSet.equals(Ljava/lang/Object;)Z",
      "Ljava/util/AbstractSet.hashCode()I"
    ]
  },
  {
    "frequency": 1,
    "overriddenMethods": [
      "Ljava/util/AbstractCollection.add(Ljava/lang/Object;)Z",
      "Ljava/util/AbstractCollection.addAll(Ljava/util/Collection;)Z",
      "Ljava/util/AbstractCollection.clear()V",
      "Ljava/util/AbstractCollection.contains(Ljava/lang/Object;)Z",
      "Ljava/util/AbstractCollection.isEmpty()Z",
      "Ljava/util/AbstractCollection.iterator()Ljava/util/Iterator;",
      "Ljava/util/AbstractCollection.remove(Ljava/lang/Object;)Z",
      "Ljava/util/AbstractCollection.size()I",
      "Ljava/util/AbstractCollection.toArray()[Ljava/lang/Object;",
      "Ljava/util/AbstractCollection.toArray([Ljava/lang/Object;)[Ljava/lang/Object;",
      "Ljava/util/AbstractCollection.toString()Ljava/lang/String;"
    ]
  },
  {
    "frequency": 22,
    "overriddenMethods": [
      "Ljava/util/AbstractCollection.isEmpty()Z",
      "Ljava/util/AbstractCollection.iterator()Ljava/util/Iterator;",
      "Ljava/util/AbstractCollection.size()I"
    ]
  },
  {
    "frequency": 4,
    "overriddenMethods": [
      "Ljava/util/AbstractCollection.clear()V",
      "Ljava/util/AbstractCollection.iterator()Ljava/util/Iterator;",
      "Ljava/util/AbstractCollection.size()I"
    ]
  },
  {
    "frequency": 71,
    "overriddenMethods": [
      "Ljava/util/AbstractCollection.add(Ljava/lang/Object;)Z",
      "Ljava/util/AbstractCollection.addAll(Ljava/util/Collection;)Z",
      "Ljava/util/AbstractCollection.clear()V",
      "Ljava/util/AbstractCollection.contains(Ljava/lang/Object;)Z",
      "Ljava/util/AbstractCollection.isEmpty()Z",
      "Ljava/util/AbstractCollection.iterator()Ljava/util/Iterator;",
      "Ljava/util/AbstractCollection.remove(Ljava/lang/Object;)Z",
      "Ljava/util/AbstractCollection.retainAll(Ljava/util/Collection;)Z",
      "Ljava/util/AbstractCollection.size()I",
      "Ljava/util/AbstractSet.removeAll(Ljava/util/Collection;)Z"
    ]
  },
  {
    "frequency": 3,
    "overriddenMethods": [
      "Ljava/util/AbstractCollection.clear()V",
      "Ljava/util/AbstractCollection.contains(Ljava/lang/Object;)Z",
      "Ljava/util/AbstractCollection.isEmpty()Z",
      "Ljava/util/AbstractCollection.iterator()Ljava/util/Iterator;",
      "Ljava/util/AbstractCollection.remove(Ljava/lang/Object;)Z",
      "Ljava/util/AbstractCollection.size()I",
      "Ljava/util/AbstractSet.hashCode()I"
    ]
  },
  {
    "frequency": 5,
    "overriddenMethods": [
      "Ljava/util/AbstractCollection.add(Ljava/lang/Object;)Z",
      "Ljava/util/AbstractCollection.addAll(Ljava/util/Collection;)Z",
      "Ljava/util/AbstractCollection.clear()V",
      "Ljava/util/AbstractCollection.contains(Ljava/lang/Object;)Z",
      "Ljava/util/AbstractCollection.iterator()Ljava/util/Iterator;",
      "Ljava/util/AbstractCollection.remove(Ljava/lang/Object;)Z",
      "Ljava/util/AbstractCollection.size()I"
    ]
  },
  {
    "frequency": 1,
    "overriddenMethods": [
      "Ljava/util/AbstractCollection.add(Ljava/lang/Object;)Z",
      "Ljava/util/AbstractCollection.clear()V",
      "Ljava/util/AbstractCollection.contains(Ljava/lang/Object;)Z",
      "Ljava/util/AbstractCollection.iterator()Ljava/util/Iterator;",
      "Ljava/util/AbstractCollection.size()I",
      "Ljava/util/AbstractCollection.toArray()[Ljava/lang/Object;"
    ]
  },
  {
    "frequency": 14,
    "overriddenMethods": [
      "Ljava/util/AbstractCollection.contains(Ljava/lang/Object;)Z",
      "Ljava/util/AbstractCollection.iterator()Ljava/util/Iterator;",
      "Ljava/util/AbstractCollection.size()I",
      "Ljava/util/AbstractSet.equals(Ljava/lang/Object;)Z",
      "Ljava/util/AbstractSet.hashCode()I"
    ]
  },
  {
    "frequency": 4,
    "overriddenMethods": [
      "Ljava/lang/Object.clone()Ljava/lang/Object;",
      "Ljava/util/AbstractCollection.add(Ljava/lang/Object;)Z",
      "Ljava/util/AbstractCollection.clear()V",
      "Ljava/util/AbstractCollection.contains(Ljava/lang/Object;)Z",
      "Ljava/util/AbstractCollection.isEmpty()Z",
      "Ljava/util/AbstractCollection.iterator()Ljava/util/Iterator;",
      "Ljava/util/AbstractCollection.remove(Ljava/lang/Object;)Z",
      "Ljava/util/AbstractCollection.size()I"
    ]
  },
  {
    "frequency": 1,
    "overriddenMethods": [
      "Ljava/util/AbstractCollection.add(Ljava/lang/Object;)Z",
      "Ljava/util/AbstractCollection.clear()V",
      "Ljava/util/AbstractCollection.contains(Ljava/lang/Object;)Z",
      "Ljava/util/AbstractCollection.iterator()Ljava/util/Iterator;",
      "Ljava/util/AbstractCollection.remove(Ljava/lang/Object;)Z",
      "Ljava/util/AbstractCollection.size()I",
      "Ljava/util/AbstractCollection.toString()Ljava/lang/String;",
      "Ljava/util/AbstractSet.equals(Ljava/lang/Object;)Z",
      "Ljava/util/AbstractSet.hashCode()I"
    ]
  },
  {
    "frequency": 3,
    "overriddenMethods": [
      "Ljava/util/AbstractCollection.add(Ljava/lang/Object;)Z",
      "Ljava/util/AbstractCollection.contains(Ljava/lang/Object;)Z",
      "Ljava/util/AbstractCollection.iterator()Ljava/util/Iterator;",
      "Ljava/util/AbstractCollection.size()I"
    ]
  },
  {
    "frequency": 5,
    "overriddenMethods": [
      "Ljava/util/AbstractCollection.contains(Ljava/lang/Object;)Z",
      "Ljava/util/AbstractCollection.iterator()Ljava/util/Iterator;",
      "Ljava/util/AbstractCollection.size()I",
      "Ljava/util/AbstractSet.removeAll(Ljava/util/Collection;)Z"
    ]
  },
  {
    "frequency": 2,
    "overriddenMethods": [
      "Ljava/lang/Object.clone()Ljava/lang/Object;",
      "Ljava/util/AbstractCollection.add(Ljava/lang/Object;)Z",
      "Ljava/util/AbstractCollection.clear()V",
      "Ljava/util/AbstractCollection.contains(Ljava/lang/Object;)Z",
      "Ljava/util/AbstractCollection.iterator()Ljava/util/Iterator;",
      "Ljava/util/AbstractCollection.remove(Ljava/lang/Object;)Z",
      "Ljava/util/AbstractCollection.size()I"
    ]
  },
  {
    "frequency": 4,
    "overriddenMethods": [
      "Ljava/util/AbstractCollection.add(Ljava/lang/Object;)Z",
      "Ljava/util/AbstractCollection.clear()V",
      "Ljava/util/AbstractCollection.contains(Ljava/lang/Object;)Z",
      "Ljava/util/AbstractCollection.isEmpty()Z",
      "Ljava/util/AbstractCollection.iterator()Ljava/util/Iterator;",
      "Ljava/util/AbstractCollection.remove(Ljava/lang/Object;)Z",
      "Ljava/util/AbstractCollection.retainAll(Ljava/util/Collection;)Z",
      "Ljava/util/AbstractCollection.size()I",
      "Ljava/util/AbstractSet.removeAll(Ljava/util/Collection;)Z"
    ]
  },
  {
    "frequency": 1,
    "overriddenMethods": [
      "Ljava/lang/Object.clone()Ljava/lang/Object;",
      "Ljava/util/AbstractCollection.add(Ljava/lang/Object;)Z",
      "Ljava/util/AbstractCollection.clear()V",
      "Ljava/util/AbstractCollection.contains(Ljava/lang/Object;)Z",
      "Ljava/util/AbstractCollection.isEmpty()Z",
      "Ljava/util/AbstractCollection.iterator()Ljava/util/Iterator;",
      "Ljava/util/AbstractCollection.remove(Ljava/lang/Object;)Z",
      "Ljava/util/AbstractCollection.retainAll(Ljava/util/Collection;)Z",
      "Ljava/util/AbstractCollection.size()I",
      "Ljava/util/AbstractSet.equals(Ljava/lang/Object;)Z",
      "Ljava/util/AbstractSet.hashCode()I",
      "Ljava/util/AbstractSet.removeAll(Ljava/util/Collection;)Z"
    ]
  },
  {
    "frequency": 7,
    "overriddenMethods": [
      "Ljava/lang/Object.clone()Ljava/lang/Object;",
      "Ljava/util/AbstractCollection.add(Ljava/lang/Object;)Z",
      "Ljava/util/AbstractCollection.addAll(Ljava/util/Collection;)Z",
      "Ljava/util/AbstractCollection.clear()V",
      "Ljava/util/AbstractCollection.contains(Ljava/lang/Object;)Z",
      "Ljava/util/AbstractCollection.isEmpty()Z",
      "Ljava/util/AbstractCollection.iterator()Ljava/util/Iterator;",
      "Ljava/util/AbstractCollection.remove(Ljava/lang/Object;)Z",
      "Ljava/util/AbstractCollection.size()I",
      "Ljava/util/AbstractCollection.toArray()[Ljava/lang/Object;",
      "Ljava/util/AbstractCollection.toArray([Ljava/lang/Object;)[Ljava/lang/Object;"
    ]
  },
  {
    "frequency": 1,
    "overriddenMethods": [
      "Ljava/util/AbstractCollection.add(Ljava/lang/Object;)Z",
      "Ljava/util/AbstractCollection.addAll(Ljava/util/Collection;)Z",
      "Ljava/util/AbstractCollection.clear()V",
      "Ljava/util/AbstractCollection.contains(Ljava/lang/Object;)Z",
      "Ljava/util/AbstractCollection.isEmpty()Z",
      "Ljava/util/AbstractCollection.iterator()Ljava/util/Iterator;",
      "Ljava/util/AbstractCollection.remove(Ljava/lang/Object;)Z",
      "Ljava/util/AbstractCollection.retainAll(Ljava/util/Collection;)Z",
      "Ljava/util/AbstractCollection.size()I",
      "Ljava/util/AbstractCollection.toArray()[Ljava/lang/Object;",
      "Ljava/util/AbstractCollection.toArray([Ljava/lang/Object;)[Ljava/lang/Object;",
      "Ljava/util/AbstractSet.equals(Ljava/lang/Object;)Z",
      "Ljava/util/AbstractSet.hashCode()I",
      "Ljava/util/AbstractSet.removeAll(Ljava/util/Collection;)Z"
    ]
  },
  {
    "frequency": 3,
    "overriddenMethods": [
      "Ljava/util/AbstractCollection.contains(Ljava/lang/Object;)Z",
      "Ljava/util/AbstractCollection.containsAll(Ljava/util/Collection;)Z",
      "Ljava/util/AbstractCollection.iterator()Ljava/util/Iterator;",
      "Ljava/util/AbstractCollection.remove(Ljava/lang/Object;)Z",
      "Ljava/util/AbstractCollection.size()I",
      "Ljava/util/AbstractSet.equals(Ljava/lang/Object;)Z",
      "Ljava/util/AbstractSet.hashCode()I",
      "Ljava/util/AbstractSet.removeAll(Ljava/util/Collection;)Z"
    ]
  },
  {
    "frequency": 2,
    "overriddenMethods": [
      "Ljava/util/AbstractCollection.add(Ljava/lang/Object;)Z",
      "Ljava/util/AbstractCollection.contains(Ljava/lang/Object;)Z",
      "Ljava/util/AbstractCollection.containsAll(Ljava/util/Collection;)Z",
      "Ljava/util/AbstractCollection.iterator()Ljava/util/Iterator;",
      "Ljava/util/AbstractCollection.remove(Ljava/lang/Object;)Z",
      "Ljava/util/AbstractCollection.size()I"
    ]
  },
  {
    "frequency": 2,
    "overriddenMethods": [
      "Ljava/util/AbstractCollection.add(Ljava/lang/Object;)Z",
      "Ljava/util/AbstractCollection.clear()V",
      "Ljava/util/AbstractCollection.isEmpty()Z",
      "Ljava/util/AbstractCollection.iterator()Ljava/util/Iterator;",
      "Ljava/util/AbstractCollection.remove(Ljava/lang/Object;)Z",
      "Ljava/util/AbstractCollection.size()I"
    ]
  },
  {
    "frequency": 1,
    "overriddenMethods": [
      "Ljava/util/AbstractCollection.add(Ljava/lang/Object;)Z",
      "Ljava/util/AbstractCollection.contains(Ljava/lang/Object;)Z",
      "Ljava/util/AbstractCollection.iterator()Ljava/util/Iterator;",
      "Ljava/util/AbstractCollection.size()I",
      "Ljava/util/AbstractCollection.toString()Ljava/lang/String;",
      "Ljava/util/AbstractSet.equals(Ljava/lang/Object;)Z"
    ]
  },
  {
    "frequency": 306,
    "overriddenMethods": [
      "Ljava/util/AbstractCollection.clear()V",
      "Ljava/util/AbstractCollection.contains(Ljava/lang/Object;)Z",
      "Ljava/util/AbstractCollection.iterator()Ljava/util/Iterator;",
      "Ljava/util/AbstractCollection.remove(Ljava/lang/Object;)Z",
      "Ljava/util/AbstractCollection.size()I"
    ]
  },
  {
    "frequency": 17,
    "overriddenMethods": [
      "Ljava/util/AbstractCollection.clear()V",
      "Ljava/util/AbstractCollection.iterator()Ljava/util/Iterator;",
      "Ljava/util/AbstractCollection.remove(Ljava/lang/Object;)Z",
      "Ljava/util/AbstractCollection.size()I"
    ]
  },
  {
    "frequency": 7,
    "overriddenMethods": [
      "Ljava/util/AbstractCollection.contains(Ljava/lang/Object;)Z",
      "Ljava/util/AbstractCollection.isEmpty()Z",
      "Ljava/util/AbstractCollection.iterator()Ljava/util/Iterator;",
      "Ljava/util/AbstractCollection.size()I"
    ]
  },
  {
    "frequency": 1,
    "overriddenMethods": [
      "Ljava/util/AbstractCollection.contains(Ljava/lang/Object;)Z",
      "Ljava/util/AbstractCollection.iterator()Ljava/util/Iterator;",
      "Ljava/util/AbstractCollection.size()I",
      "Ljava/util/AbstractSet.hashCode()I"
    ]
  },
  {
    "frequency": 21,
    "overriddenMethods": [
      "Ljava/util/AbstractCollection.add(Ljava/lang/Object;)Z",
      "Ljava/util/AbstractCollection.iterator()Ljava/util/Iterator;",
      "Ljava/util/AbstractCollection.size()I"
    ]
  },
  {
    "frequency": 38,
    "overriddenMethods": [
      "Ljava/util/AbstractCollection.contains(Ljava/lang/Object;)Z",
      "Ljava/util/AbstractCollection.iterator()Ljava/util/Iterator;",
      "Ljava/util/AbstractCollection.remove(Ljava/lang/Object;)Z",
      "Ljava/util/AbstractCollection.size()I"
    ]
  },
  {
    "frequency": 1,
    "overriddenMethods": [
      "Ljava/util/AbstractCollection.isEmpty()Z",
      "Ljava/util/AbstractCollection.iterator()Ljava/util/Iterator;",
      "Ljava/util/AbstractCollection.size()I",
      "Ljava/util/AbstractCollection.toString()Ljava/lang/String;"
    ]
  },
  {
    "frequency": 10,
    "overriddenMethods": [
      "Ljava/util/AbstractCollection.clear()V",
      "Ljava/util/AbstractCollection.contains(Ljava/lang/Object;)Z",
      "Ljava/util/AbstractCollection.containsAll(Ljava/util/Collection;)Z",
      "Ljava/util/AbstractCollection.isEmpty()Z",
      "Ljava/util/AbstractCollection.iterator()Ljava/util/Iterator;",
      "Ljava/util/AbstractCollection.remove(Ljava/lang/Object;)Z",
      "Ljava/util/AbstractCollection.size()I",
      "Ljava/util/AbstractCollection.toString()Ljava/lang/String;",
      "Ljava/util/AbstractSet.equals(Ljava/lang/Object;)Z",
      "Ljava/util/AbstractSet.hashCode()I"
    ]
  },
  {
    "frequency": 1,
    "overriddenMethods": [
      "Ljava/util/AbstractCollection.add(Ljava/lang/Object;)Z",
      "Ljava/util/AbstractCollection.addAll(Ljava/util/Collection;)Z",
      "Ljava/util/AbstractCollection.clear()V",
      "Ljava/util/AbstractCollection.contains(Ljava/lang/Object;)Z",
      "Ljava/util/AbstractCollection.iterator()Ljava/util/Iterator;",
      "Ljava/util/AbstractCollection.remove(Ljava/lang/Object;)Z",
      "Ljava/util/AbstractCollection.size()I",
      "Ljava/util/AbstractSet.equals(Ljava/lang/Object;)Z"
    ]
  },
  {
    "frequency": 3,
    "overriddenMethods": [
      "Ljava/util/AbstractCollection.add(Ljava/lang/Object;)Z",
      "Ljava/util/AbstractCollection.addAll(Ljava/util/Collection;)Z",
      "Ljava/util/AbstractCollection.clear()V",
      "Ljava/util/AbstractCollection.contains(Ljava/lang/Object;)Z",
      "Ljava/util/AbstractCollection.containsAll(Ljava/util/Collection;)Z",
      "Ljava/util/AbstractCollection.isEmpty()Z",
      "Ljava/util/AbstractCollection.iterator()Ljava/util/Iterator;",
      "Ljava/util/AbstractCollection.remove(Ljava/lang/Object;)Z",
      "Ljava/util/AbstractCollection.retainAll(Ljava/util/Collection;)Z",
      "Ljava/util/AbstractCollection.size()I",
      "Ljava/util/AbstractSet.removeAll(Ljava/util/Collection;)Z"
    ]
  },
  {
    "frequency": 1,
    "overriddenMethods": [
      "Ljava/lang/Object.clone()Ljava/lang/Object;",
      "Ljava/util/AbstractCollection.add(Ljava/lang/Object;)Z",
      "Ljava/util/AbstractCollection.addAll(Ljava/util/Collection;)Z",
      "Ljava/util/AbstractCollection.clear()V",
      "Ljava/util/AbstractCollection.contains(Ljava/lang/Object;)Z",
      "Ljava/util/AbstractCollection.isEmpty()Z",
      "Ljava/util/AbstractCollection.iterator()Ljava/util/Iterator;",
      "Ljava/util/AbstractCollection.remove(Ljava/lang/Object;)Z",
      "Ljava/util/AbstractCollection.size()I"
    ]
  },
  {
    "frequency": 6,
    "overriddenMethods": [
      "Ljava/util/AbstractCollection.add(Ljava/lang/Object;)Z",
      "Ljava/util/AbstractCollection.clear()V",
      "Ljava/util/AbstractCollection.iterator()Ljava/util/Iterator;",
      "Ljava/util/AbstractCollection.remove(Ljava/lang/Object;)Z",
      "Ljava/util/AbstractCollection.size()I"
    ]
  },
  {
    "frequency": 188,
    "overriddenMethods": [
      "Ljava/util/AbstractCollection.clear()V",
      "Ljava/util/AbstractCollection.contains(Ljava/lang/Object;)Z",
      "Ljava/util/AbstractCollection.isEmpty()Z",
      "Ljava/util/AbstractCollection.iterator()Ljava/util/Iterator;",
      "Ljava/util/AbstractCollection.remove(Ljava/lang/Object;)Z",
      "Ljava/util/AbstractCollection.size()I"
    ]
  },
  {
    "frequency": 14,
    "overriddenMethods": [
      "Ljava/lang/Object.clone()Ljava/lang/Object;",
      "Ljava/util/AbstractCollection.add(Ljava/lang/Object;)Z",
      "Ljava/util/AbstractCollection.addAll(Ljava/util/Collection;)Z",
      "Ljava/util/AbstractCollection.clear()V",
      "Ljava/util/AbstractCollection.contains(Ljava/lang/Object;)Z",
      "Ljava/util/AbstractCollection.containsAll(Ljava/util/Collection;)Z",
      "Ljava/util/AbstractCollection.isEmpty()Z",
      "Ljava/util/AbstractCollection.iterator()Ljava/util/Iterator;",
      "Ljava/util/AbstractCollection.remove(Ljava/lang/Object;)Z",
      "Ljava/util/AbstractCollection.retainAll(Ljava/util/Collection;)Z",
      "Ljava/util/AbstractCollection.size()I",
      "Ljava/util/AbstractCollection.toArray()[Ljava/lang/Object;",
      "Ljava/util/AbstractCollection.toArray([Ljava/lang/Object;)[Ljava/lang/Object;",
      "Ljava/util/AbstractSet.equals(Ljava/lang/Object;)Z",
      "Ljava/util/AbstractSet.hashCode()I",
      "Ljava/util/AbstractSet.removeAll(Ljava/util/Collection;)Z"
    ]
  },
  {
    "frequency": 13,
    "overriddenMethods": [
      "Ljava/util/AbstractCollection.contains(Ljava/lang/Object;)Z",
      "Ljava/util/AbstractCollection.containsAll(Ljava/util/Collection;)Z",
      "Ljava/util/AbstractCollection.iterator()Ljava/util/Iterator;",
      "Ljava/util/AbstractCollection.remove(Ljava/lang/Object;)Z",
      "Ljava/util/AbstractCollection.size()I",
      "Ljava/util/AbstractSet.equals(Ljava/lang/Object;)Z",
      "Ljava/util/AbstractSet.hashCode()I"
    ]
  },
  {
    "frequency": 1,
    "overriddenMethods": [
      "Ljava/util/AbstractCollection.add(Ljava/lang/Object;)Z",
      "Ljava/util/AbstractCollection.iterator()Ljava/util/Iterator;",
      "Ljava/util/AbstractCollection.remove(Ljava/lang/Object;)Z",
      "Ljava/util/AbstractCollection.size()I"
    ]
  },
  {
    "frequency": 2,
    "overriddenMethods": [
      "Ljava/lang/Object.clone()Ljava/lang/Object;",
      "Ljava/util/AbstractCollection.add(Ljava/lang/Object;)Z",
      "Ljava/util/AbstractCollection.clear()V",
      "Ljava/util/AbstractCollection.iterator()Ljava/util/Iterator;",
      "Ljava/util/AbstractCollection.remove(Ljava/lang/Object;)Z",
      "Ljava/util/AbstractCollection.size()I"
    ]
  },
  {
    "frequency": 6,
    "overriddenMethods": [
      "Ljava/util/AbstractCollection.clear()V",
      "Ljava/util/AbstractCollection.contains(Ljava/lang/Object;)Z",
      "Ljava/util/AbstractCollection.isEmpty()Z",
      "Ljava/util/AbstractCollection.iterator()Ljava/util/Iterator;",
      "Ljava/util/AbstractCollection.remove(Ljava/lang/Object;)Z",
      "Ljava/util/AbstractCollection.size()I",
      "Ljava/util/AbstractCollection.toArray()[Ljava/lang/Object;",
      "Ljava/util/AbstractCollection.toArray([Ljava/lang/Object;)[Ljava/lang/Object;"
    ]
  },
  {
    "frequency": 3,
    "overriddenMethods": [
      "Ljava/util/AbstractCollection.contains(Ljava/lang/Object;)Z",
      "Ljava/util/AbstractCollection.iterator()Ljava/util/Iterator;",
      "Ljava/util/AbstractCollection.size()I",
      "Ljava/util/AbstractCollection.toArray()[Ljava/lang/Object;",
      "Ljava/util/AbstractCollection.toArray([Ljava/lang/Object;)[Ljava/lang/Object;"
    ]
  },
  {
    "frequency": 4,
    "overriddenMethods": [
      "Ljava/util/AbstractCollection.add(Ljava/lang/Object;)Z",
      "Ljava/util/AbstractCollection.clear()V",
      "Ljava/util/AbstractCollection.contains(Ljava/lang/Object;)Z",
      "Ljava/util/AbstractCollection.containsAll(Ljava/util/Collection;)Z",
      "Ljava/util/AbstractCollection.isEmpty()Z",
      "Ljava/util/AbstractCollection.iterator()Ljava/util/Iterator;",
      "Ljava/util/AbstractCollection.remove(Ljava/lang/Object;)Z",
      "Ljava/util/AbstractCollection.retainAll(Ljava/util/Collection;)Z",
      "Ljava/util/AbstractCollection.size()I",
      "Ljava/util/AbstractSet.removeAll(Ljava/util/Collection;)Z"
    ]
  },
  {
    "frequency": 295,
    "overriddenMethods": [
      "Ljava/util/AbstractCollection.iterator()Ljava/util/Iterator;",
      "Ljava/util/AbstractCollection.size()I"
    ]
  },
  {
    "frequency": 10,
    "overriddenMethods": [
      "Ljava/util/AbstractCollection.clear()V",
      "Ljava/util/AbstractCollection.contains(Ljava/lang/Object;)Z",
      "Ljava/util/AbstractCollection.isEmpty()Z",
      "Ljava/util/AbstractCollection.iterator()Ljava/util/Iterator;",
      "Ljava/util/AbstractCollection.remove(Ljava/lang/Object;)Z",
      "Ljava/util/AbstractCollection.retainAll(Ljava/util/Collection;)Z",
      "Ljava/util/AbstractCollection.size()I",
      "Ljava/util/AbstractSet.removeAll(Ljava/util/Collection;)Z"
    ]
  }
]