[
  {
    "frequency": 3,
    "overriddenMethods": []
  },
  {
    "frequency": 7,
    "overriddenMethods": [
      "Ljava/util/BitSet.and(Ljava/util/BitSet;)V",
      "Ljava/util/BitSet.andNot(Ljava/util/BitSet;)V",
      "Ljava/util/BitSet.clear()V",
      "Ljava/util/BitSet.clear(I)V",
      "Ljava/util/BitSet.clear(II)V",
      "Ljava/util/BitSet.clone()Ljava/lang/Object;",
      "Ljava/util/BitSet.flip(I)V",
      "Ljava/util/BitSet.flip(II)V",
      "Ljava/util/BitSet.or(Ljava/util/BitSet;)V",
      "Ljava/util/BitSet.set(I)V",
      "Ljava/util/BitSet.set(II)V",
      "Ljava/util/BitSet.set(IIZ)V",
      "Ljava/util/BitSet.set(IZ)V",
      "Ljava/util/BitSet.xor(Ljava/util/BitSet;)V"
    ]
  },
  {
    "frequency": 1,
    "overriddenMethods": [
      "Ljava/util/BitSet.equals(Ljava/lang/Object;)Z",
      "Ljava/util/BitSet.hashCode()I",
      "Ljava/util/BitSet.toString()Ljava/lang/String;"
    ]
  },
  {
    "frequency": 1,
    "overriddenMethods": [
      "Ljava/util/BitSet.clone()Ljava/lang/Object;",
      "Ljava/util/BitSet.toString()Ljava/lang/String;"
    ]
  },
  {
    "frequency": 3,
    "overriddenMethods": [
      "Ljava/util/BitSet.toString()Ljava/lang/String;"
    ]
  }
]