[
  {
    "frequency": 1,
    "overriddenMethods": [
      "Ljava/util/Hashtable.clear()V",
      "Ljava/util/Hashtable.clone()Ljava/lang/Object;",
      "Ljava/util/Hashtable.contains(Ljava/lang/Object;)Z",
      "Ljava/util/Hashtable.containsKey(Ljava/lang/Object;)Z",
      "Ljava/util/Hashtable.containsValue(Ljava/lang/Object;)Z",
      "Ljava/util/Hashtable.elements()Ljava/util/Enumeration;",
      "Ljava/util/Hashtable.entrySet()Ljava/util/Set;",
      "Ljava/util/Hashtable.get(Ljava/lang/Object;)Ljava/lang/Object;",
      "Ljava/util/Hashtable.isEmpty()Z",
      "Ljava/util/Hashtable.keySet()Ljava/util/Set;",
      "Ljava/util/Hashtable.keys()Ljava/util/Enumeration;",
      "Ljava/util/Hashtable.put(Ljava/lang/Object;Ljava/lang/Object;)Ljava/lang/Object;",
      "Ljava/util/Hashtable.putAll(Ljava/util/Map;)V",
      "Ljava/util/Hashtable.rehash()V",
      "Ljava/util/Hashtable.remove(Ljava/lang/Object;)Ljava/lang/Object;",
      "Ljava/util/Hashtable.size()I",
      "Ljava/util/Hashtable.toString()Ljava/lang/String;",
      "Ljava/util/Hashtable.values()Ljava/util/Collection;"
    ]
  },
  {
    "frequency": 1,
    "overriddenMethods": [
      "Ljava/util/Hashtable.clear()V",
      "Ljava/util/Hashtable.get(Ljava/lang/Object;)Ljava/lang/Object;",
      "Ljava/util/Hashtable.put(Ljava/lang/Object;Ljava/lang/Object;)Ljava/lang/Object;",
      "Ljava/util/Hashtable.remove(Ljava/lang/Object;)Ljava/lang/Object;"
    ]
  },
  {
    "frequency": 67,
    "overriddenMethods": []
  },
  {
    "frequency": 2,
    "overriddenMethods": [
      "Ljava/util/Hashtable.clear()V",
      "Ljava/util/Hashtable.put(Ljava/lang/Object;Ljava/lang/Object;)Ljava/lang/Object;",
      "Ljava/util/Hashtable.putAll(Ljava/util/Map;)V",
      "Ljava/util/Hashtable.remove(Ljava/lang/Object;)Ljava/lang/Object;"
    ]
  },
  {
    "frequency": 7,
    "overriddenMethods": [
      "Ljava/util/Hashtable.clear()V",
      "Ljava/util/Hashtable.clone()Ljava/lang/Object;",
      "Ljava/util/Hashtable.containsKey(Ljava/lang/Object;)Z",
      "Ljava/util/Hashtable.containsValue(Ljava/lang/Object;)Z",
      "Ljava/util/Hashtable.entrySet()Ljava/util/Set;",
      "Ljava/util/Hashtable.equals(Ljava/lang/Object;)Z",
      "Ljava/util/Hashtable.get(Ljava/lang/Object;)Ljava/lang/Object;",
      "Ljava/util/Hashtable.hashCode()I",
      "Ljava/util/Hashtable.isEmpty()Z",
      "Ljava/util/Hashtable.keySet()Ljava/util/Set;",
      "Ljava/util/Hashtable.put(Ljava/lang/Object;Ljava/lang/Object;)Ljava/lang/Object;",
      "Ljava/util/Hashtable.putAll(Ljava/util/Map;)V",
      "Ljava/util/Hashtable.remove(Ljava/lang/Object;)Ljava/lang/Object;",
      "Ljava/util/Hashtable.size()I",
      "Ljava/util/Hashtable.values()Ljava/util/Collection;"
    ]
  },
  {
    "frequency": 7,
    "overriddenMethods": [
      "Ljava/util/Hashtable.get(Ljava/lang/Object;)Ljava/lang/Object;",
      "Ljava/util/Hashtable.put(Ljava/lang/Object;Ljava/lang/Object;)Ljava/lang/Object;",
      "Ljava/util/Hashtable.remove(Ljava/lang/Object;)Ljava/lang/Object;"
    ]
  },
  {
    "frequency": 1,
    "overriddenMethods": [
      "Ljava/util/Hashtable.put(Ljava/lang/Object;Ljava/lang/Object;)Ljava/lang/Object;",
      "Ljava/util/Hashtable.values()Ljava/util/Collection;"
    ]
  },
  {
    "frequency": 12,
    "overriddenMethods": [
      "Ljava/util/Hashtable.get(Ljava/lang/Object;)Ljava/lang/Object;"
    ]
  },
  {
    "frequency": 5,
    "overriddenMethods": [
      "Ljava/util/Hashtable.clear()V",
      "Ljava/util/Hashtable.clone()Ljava/lang/Object;",
      "Ljava/util/Hashtable.contains(Ljava/lang/Object;)Z",
      "Ljava/util/Hashtable.containsKey(Ljava/lang/Object;)Z",
      "Ljava/util/Hashtable.containsValue(Ljava/lang/Object;)Z",
      "Ljava/util/Hashtable.elements()Ljava/util/Enumeration;",
      "Ljava/util/Hashtable.entrySet()Ljava/util/Set;",
      "Ljava/util/Hashtable.equals(Ljava/lang/Object;)Z",
      "Ljava/util/Hashtable.get(Ljava/lang/Object;)Ljava/lang/Object;",
      "Ljava/util/Hashtable.hashCode()I",
      "Ljava/util/Hashtable.isEmpty()Z",
      "Ljava/util/Hashtable.keySet()Ljava/util/Set;",
      "Ljava/util/Hashtable.keys()Ljava/util/Enumeration;",
      "Ljava/util/Hashtable.put(Ljava/lang/Object;Ljava/lang/Object;)Ljava/lang/Object;",
      "Ljava/util/Hashtable.putAll(Ljava/util/Map;)V",
      "Ljava/util/Hashtable.remove(Ljava/lang/Object;)Ljava/lang/Object;",
      "Ljava/util/Hashtable.size()I",
      "Ljava/util/Hashtable.toString()Ljava/lang/String;",
      "Ljava/util/Hashtable.values()Ljava/util/Collection;"
    ]
  },
  {
    "frequency": 1,
    "overriddenMethods": [
      "Ljava/util/Hashtable.get(Ljava/lang/Object;)Ljava/lang/Object;",
      "Ljava/util/Hashtable.put(Ljava/lang/Object;Ljava/lang/Object;)Ljava/lang/Object;"
    ]
  },
  {
    "frequency": 9,
    "overriddenMethods": [
      "Ljava/util/Hashtable.containsKey(Ljava/lang/Object;)Z",
      "Ljava/util/Hashtable.elements()Ljava/util/Enumeration;",
      "Ljava/util/Hashtable.entrySet()Ljava/util/Set;",
      "Ljava/util/Hashtable.get(Ljava/lang/Object;)Ljava/lang/Object;",
      "Ljava/util/Hashtable.isEmpty()Z",
      "Ljava/util/Hashtable.keySet()Ljava/util/Set;",
      "Ljava/util/Hashtable.keys()Ljava/util/Enumeration;",
      "Ljava/util/Hashtable.put(Ljava/lang/Object;Ljava/lang/Object;)Ljava/lang/Object;",
      "Ljava/util/Hashtable.putAll(Ljava/util/Map;)V",
      "Ljava/util/Hashtable.rehash()V",
      "Ljava/util/Hashtable.remove(Ljava/lang/Object;)Ljava/lang/Object;",
      "Ljava/util/Hashtable.size()I",
      "Ljava/util/Hashtable.toString()Ljava/lang/String;",
      "Ljava/util/Hashtable.values()Ljava/util/Collection;"
    ]
  },
  {
    "frequency": 9,
    "overriddenMethods": [
      "Ljava/util/Hashtable.contains(Ljava/lang/Object;)Z",
      "Ljava/util/Hashtable.containsValue(Ljava/lang/Object;)Z",
      "Ljava/util/Hashtable.get(Ljava/lang/Object;)Ljava/lang/Object;"
    ]
  },
  {
    "frequency": 1,
    "overriddenMethods": [
      "Ljava/util/Hashtable.get(Ljava/lang/Object;)Ljava/lang/Object;",
      "Ljava/util/Hashtable.keySet()Ljava/util/Set;",
      "Ljava/util/Hashtable.put(Ljava/lang/Object;Ljava/lang/Object;)Ljava/lang/Object;",
      "Ljava/util/Hashtable.remove(Ljava/lang/Object;)Ljava/lang/Object;"
    ]
  },
  {
    "frequency": 1,
    "overriddenMethods": [
      "Ljava/util/Hashtable.containsKey(Ljava/lang/Object;)Z",
      "Ljava/util/Hashtable.entrySet()Ljava/util/Set;"
    ]
  },
  {
    "frequency": 2,
    "overriddenMethods": [
      "Ljava/util/Hashtable.clear()V",
      "Ljava/util/Hashtable.contains(Ljava/lang/Object;)Z",
      "Ljava/util/Hashtable.containsKey(Ljava/lang/Object;)Z",
      "Ljava/util/Hashtable.containsValue(Ljava/lang/Object;)Z",
      "Ljava/util/Hashtable.elements()Ljava/util/Enumeration;",
      "Ljava/util/Hashtable.entrySet()Ljava/util/Set;",
      "Ljava/util/Hashtable.equals(Ljava/lang/Object;)Z",
      "Ljava/util/Hashtable.get(Ljava/lang/Object;)Ljava/lang/Object;",
      "Ljava/util/Hashtable.hashCode()I",
      "Ljava/util/Hashtable.isEmpty()Z",
      "Ljava/util/Hashtable.keySet()Ljava/util/Set;",
      "Ljava/util/Hashtable.keys()Ljava/util/Enumeration;",
      "Ljava/util/Hashtable.put(Ljava/lang/Object;Ljava/lang/Object;)Ljava/lang/Object;",
      "Ljava/util/Hashtable.putAll(Ljava/util/Map;)V",
      "Ljava/util/Hashtable.remove(Ljava/lang/Object;)Ljava/lang/Object;",
      "Ljava/util/Hashtable.size()I",
      "Ljava/util/Hashtable.toString()Ljava/lang/String;",
      "Ljava/util/Hashtable.values()Ljava/util/Collection;"
    ]
  },
  {
    "frequency": 2,
    "overriddenMethods": [
      "Ljava/util/Hashtable.toString()Ljava/lang/String;"
    ]
  },
  {
    "frequency": 1,
    "overriddenMethods": [
      "Ljava/util/Hashtable.get(Ljava/lang/Object;)Ljava/lang/Object;",
      "Ljava/util/Hashtable.put(Ljava/lang/Object;Ljava/lang/Object;)Ljava/lang/Object;",
      "Ljava/util/Hashtable.toString()Ljava/lang/String;"
    ]
  },
  {
    "frequency": 1,
    "overriddenMethods": [
      "Ljava/util/Hashtable.put(Ljava/lang/Object;Ljava/lang/Object;)Ljava/lang/Object;",
      "Ljava/util/Hashtable.remove(Ljava/lang/Object;)Ljava/lang/Object;"
    ]
  },
  {
    "frequency": 1,
    "overriddenMethods": [
      "Ljava/util/Hashtable.get(Ljava/lang/Object;)Ljava/lang/Object;",
      "Ljava/util/Hashtable.keys()Ljava/util/Enumeration;"
    ]
  },
  {
    "frequency": 1,
    "overriddenMethods": [
      "Ljava/util/Hashtable.clear()V",
      "Ljava/util/Hashtable.clone()Ljava/lang/Object;",
      "Ljava/util/Hashtable.elements()Ljava/util/Enumeration;",
      "Ljava/util/Hashtable.entrySet()Ljava/util/Set;",
      "Ljava/util/Hashtable.get(Ljava/lang/Object;)Ljava/lang/Object;",
      "Ljava/util/Hashtable.keySet()Ljava/util/Set;",
      "Ljava/util/Hashtable.keys()Ljava/util/Enumeration;",
      "Ljava/util/Hashtable.put(Ljava/lang/Object;Ljava/lang/Object;)Ljava/lang/Object;",
      "Ljava/util/Hashtable.putAll(Ljava/util/Map;)V",
      "Ljava/util/Hashtable.remove(Ljava/lang/Object;)Ljava/lang/Object;",
      "Ljava/util/Hashtable.values()Ljava/util/Collection;"
    ]
  },
  {
    "frequency": 25,
    "overriddenMethods": [
      "Ljava/util/Hashtable.put(Ljava/lang/Object;Ljava/lang/Object;)Ljava/lang/Object;"
    ]
  },
  {
    "frequency": 1,
    "overriddenMethods": [
      "Ljava/util/Hashtable.get(Ljava/lang/Object;)Ljava/lang/Object;",
      "Ljava/util/Hashtable.keys()Ljava/util/Enumeration;",
      "Ljava/util/Hashtable.put(Ljava/lang/Object;Ljava/lang/Object;)Ljava/lang/Object;",
      "Ljava/util/Hashtable.remove(Ljava/lang/Object;)Ljava/lang/Object;"
    ]
  },
  {
    "frequency": 2,
    "overriddenMethods": [
      "Ljava/util/Hashtable.clone()Ljava/lang/Object;"
    ]
  },
  {
    "frequency": 7,
    "overriddenMethods": [
      "Ljava/util/Hashtable.contains(Ljava/lang/Object;)Z",
      "Ljava/util/Hashtable.containsKey(Ljava/lang/Object;)Z",
      "Ljava/util/Hashtable.containsValue(Ljava/lang/Object;)Z",
      "Ljava/util/Hashtable.elements()Ljava/util/Enumeration;",
      "Ljava/util/Hashtable.isEmpty()Z",
      "Ljava/util/Hashtable.keys()Ljava/util/Enumeration;",
      "Ljava/util/Hashtable.size()I"
    ]
  },
  {
    "frequency": 2,
    "overriddenMethods": [
      "Ljava/util/Hashtable.clear()V",
      "Ljava/util/Hashtable.clone()Ljava/lang/Object;",
      "Ljava/util/Hashtable.contains(Ljava/lang/Object;)Z",
      "Ljava/util/Hashtable.containsKey(Ljava/lang/Object;)Z",
      "Ljava/util/Hashtable.containsValue(Ljava/lang/Object;)Z",
      "Ljava/util/Hashtable.elements()Ljava/util/Enumeration;",
      "Ljava/util/Hashtable.entrySet()Ljava/util/Set;",
      "Ljava/util/Hashtable.equals(Ljava/lang/Object;)Z",
      "Ljava/util/Hashtable.get(Ljava/lang/Object;)Ljava/lang/Object;",
      "Ljava/util/Hashtable.hashCode()I",
      "Ljava/util/Hashtable.isEmpty()Z",
      "Ljava/util/Hashtable.keySet()Ljava/util/Set;",
      "Ljava/util/Hashtable.keys()Ljava/util/Enumeration;",
      "Ljava/util/Hashtable.put(Ljava/lang/Object;Ljava/lang/Object;)Ljava/lang/Object;",
      "Ljava/util/Hashtable.putAll(Ljava/util/Map;)V",
      "Ljava/util/Hashtable.rehash()V",
      "Ljava/util/Hashtable.remove(Ljava/lang/Object;)Ljava/lang/Object;",
      "Ljava/util/Hashtable.size()I",
      "Ljava/util/Hashtable.toString()Ljava/lang/String;",
      "Ljava/util/Hashtable.values()Ljava/util/Collection;"
    ]
  }
]